time,0
2022-01-02T18:00:00+00:00,1.0
2022-01-03T00:00:00+00:00,1.0
2022-01-03T06:00:00+00:00,1.0
2022-01-03T12:00:00+00:00,1.0
2022-01-03T18:00:00+00:00,1.0
2022-01-04T00:00:00+00:00,1.0
2022-01-04T06:00:00+00:00,1.0
2022-01-04T12:00:00+00:00,1.0
2022-01-04T18:00:00+00:00,1.0
2022-01-05T00:00:00+00:00,1.0007966866130251
2022-01-05T06:00:00+00:00,0.9996986555457763
2022-01-05T12:00:00+00:00,0.9991380827133943
2022-01-05T18:00:00+00:00,0.9985091627813572
2022-01-06T00:00:00+00:00,0.9993497040056221
2022-01-06T06:00:00+00:00,0.9998904237451562
2022-01-06T12:00:00+00:00,1.0009868015627081
2022-01-06T18:00:00+00:00,1.0016849501949592
2022-01-07T00:00:00+00:00,1.0011713638377708
2022-01-07T06:00:00+00:00,1.0020695719714046
2022-01-07T12:00:00+00:00,1.000970383865035
2022-01-07T18:00:00+00:00,1.0007871209359707
2022-01-09T18:00:00+00:00,1.001623845781921
2022-01-10T00:00:00+00:00,1.0021763044563696
2022-01-10T06:00:00+00:00,1.0040095964067355
2022-01-10T12:00:00+00:00,0.9998547438219652
2022-01-10T18:00:00+00:00,0.9994173833750291
2022-01-11T00:00:00+00:00,0.9993346411240374
2022-01-11T06:00:00+00:00,0.9997511035043
2022-01-11T12:00:00+00:00,0.9987210895879074
2022-01-11T18:00:00+00:00,0.9977177110023328
2022-01-12T00:00:00+00:00,0.9972873824101874
2022-01-12T06:00:00+00:00,0.9972869902528873
2022-01-12T12:00:00+00:00,0.9891555685314138
2022-01-12T18:00:00+00:00,0.9894533892924074
2022-01-13T00:00:00+00:00,0.9901348372689812
2022-01-13T06:00:00+00:00,0.9896071912634695
2022-01-13T12:00:00+00:00,0.9911476275943495
2022-01-13T18:00:00+00:00,0.9912215555722955
2022-01-14T00:00:00+00:00,0.989324209178524
2022-01-14T06:00:00+00:00,0.9920564073749254
2022-01-14T12:00:00+00:00,0.9906642710386085
2022-01-14T18:00:00+00:00,0.9904317548952472
2022-01-16T18:00:00+00:00,0.9919623543359987
2022-01-17T00:00:00+00:00,0.9924153962342612
2022-01-17T06:00:00+00:00,0.9910460056891394
2022-01-17T12:00:00+00:00,0.9915326501591567
2022-01-17T18:00:00+00:00,0.9924328348043845
2022-01-18T00:00:00+00:00,0.9931531611849906
2022-01-18T06:00:00+00:00,0.9946379421597616
2022-01-18T12:00:00+00:00,0.9979293013347937
2022-01-18T18:00:00+00:00,0.9975686135337315
2022-01-19T00:00:00+00:00,0.9985558360929652
2022-01-19T06:00:00+00:00,0.9965562695148524
2022-01-19T12:00:00+00:00,0.9964083326814948
2022-01-19T18:00:00+00:00,0.9981634597473852
2022-01-20T00:00:00+00:00,0.9975289515316778
2022-01-20T06:00:00+00:00,0.9983171048445133
2022-01-20T12:00:00+00:00,0.9992257501126238
2022-01-20T18:00:00+00:00,0.9984358076048426
2022-01-21T00:00:00+00:00,0.9980171414305476
2022-01-21T06:00:00+00:00,0.998148231991322
2022-01-21T12:00:00+00:00,0.9990839515200292
2022-01-21T18:00:00+00:00,0.9998078309765436
2022-01-23T18:00:00+00:00,0.9997304689853193
2022-01-24T00:00:00+00:00,1.0010987357866767
2022-01-24T06:00:00+00:00,1.0004207564502197
2022-01-24T12:00:00+00:00,1.001174126151804
2022-01-24T18:00:00+00:00,0.9995578257876597
2022-01-25T00:00:00+00:00,1.0020511967017431
2022-01-25T06:00:00+00:00,1.0059341362411263
2022-01-25T12:00:00+00:00,1.0067068432461228
2022-01-25T18:00:00+00:00,1.0061492228904485
2022-01-26T00:00:00+00:00,1.0059834917390553
2022-01-26T06:00:00+00:00,1.0066588368083897
2022-01-26T12:00:00+00:00,1.0069105448314055
2022-01-26T18:00:00+00:00,1.0107895308507224
2022-01-27T00:00:00+00:00,1.0111813415108284
2022-01-27T06:00:00+00:00,1.0128635167118567
2022-01-27T12:00:00+00:00,1.0172270514512631
2022-01-27T18:00:00+00:00,1.0180053360434294
2022-01-28T00:00:00+00:00,1.0176314213254147
2022-01-28T06:00:00+00:00,1.0192964686797956
2022-01-28T12:00:00+00:00,1.0207905602835396
2022-01-28T18:00:00+00:00,1.021126996219062
2022-01-30T18:00:00+00:00,1.0213649192343346
2022-01-31T00:00:00+00:00,1.0211399843730642
2022-01-31T06:00:00+00:00,1.02071409704508
2022-01-31T12:00:00+00:00,1.0202272988216787
2022-01-31T18:00:00+00:00,1.0194415234285352
2022-02-01T00:00:00+00:00,1.0201209910269973
2022-02-01T06:00:00+00:00,1.0178476258191063
2022-02-01T12:00:00+00:00,1.019460652302404
2022-02-01T18:00:00+00:00,1.0179683655131697
2022-02-02T00:00:00+00:00,1.0180788543539743
2022-02-02T06:00:00+00:00,1.0156382881112676
2022-02-02T12:00:00+00:00,1.0167077567054028
2022-02-02T18:00:00+00:00,1.017214376649983
2022-02-03T00:00:00+00:00,1.016657436151221
2022-02-03T06:00:00+00:00,1.017899547109372
2022-02-03T12:00:00+00:00,1.0199289328744647
2022-02-03T18:00:00+00:00,1.0230806596700863
2022-02-04T00:00:00+00:00,1.0224405056237917
2022-02-04T06:00:00+00:00,1.0261329301533337
2022-02-04T12:00:00+00:00,1.0306348716379177
2022-02-04T18:00:00+00:00,1.0309347023266677
2022-02-06T18:00:00+00:00,1.0304959492052141
2022-02-07T00:00:00+00:00,1.031319364692151
2022-02-07T06:00:00+00:00,1.0303438380060244
2022-02-07T12:00:00+00:00,1.0341014852360533
2022-02-07T18:00:00+00:00,1.0323315752234246
2022-02-08T00:00:00+00:00,1.0330748255991427
2022-02-08T06:00:00+00:00,1.0353621200544296
2022-02-08T12:00:00+00:00,1.0373020357838934
2022-02-08T18:00:00+00:00,1.0408445081346427
2022-02-09T00:00:00+00:00,1.0406309912612555
2022-02-09T06:00:00+00:00,1.0401055140923632
2022-02-09T12:00:00+00:00,1.0406695906745085
2022-02-09T18:00:00+00:00,1.0430316822392938
2022-02-10T00:00:00+00:00,1.043030835992861
2022-02-10T06:00:00+00:00,1.0441105302877325
2022-02-10T12:00:00+00:00,1.0392734821588692
2022-02-10T18:00:00+00:00,1.0398811593962585
2022-02-11T00:00:00+00:00,1.0420969261649098
2022-02-11T06:00:00+00:00,1.0428945380765864
2022-02-11T12:00:00+00:00,1.040742550359472
2022-02-11T18:00:00+00:00,1.036100246924187
2022-02-13T18:00:00+00:00,1.0344093868913113
2022-02-14T00:00:00+00:00,1.0354004287408802
2022-02-14T06:00:00+00:00,1.039325289599656
2022-02-14T12:00:00+00:00,1.039290611575441
2022-02-14T18:00:00+00:00,1.039918206030947
2022-02-15T00:00:00+00:00,1.0389073284184407
2022-02-15T06:00:00+00:00,1.0414174873534436
2022-02-15T12:00:00+00:00,1.0465946594827187
2022-02-15T18:00:00+00:00,1.0466919710192826
2022-02-16T00:00:00+00:00,1.0463942713058927
2022-02-16T06:00:00+00:00,1.0455575903791168
2022-02-16T12:00:00+00:00,1.0451649568038992
2022-02-16T18:00:00+00:00,1.0458838030331712
2022-02-17T00:00:00+00:00,1.050559959463442
2022-02-17T06:00:00+00:00,1.0504950783193192
2022-02-17T12:00:00+00:00,1.053258957544289
2022-02-17T18:00:00+00:00,1.0541192925561766
2022-02-18T00:00:00+00:00,1.0532024181498418
2022-02-18T06:00:00+00:00,1.0539785483051776
2022-02-18T12:00:00+00:00,1.0543740792258507
2022-02-18T18:00:00+00:00,1.0544029482661808
2022-02-20T18:00:00+00:00,1.05542386879066
2022-02-21T00:00:00+00:00,1.0527740068546858
2022-02-21T06:00:00+00:00,1.0537830743406218
2022-02-21T12:00:00+00:00,1.0545573997467612
2022-02-21T18:00:00+00:00,1.057265339568637
2022-02-22T00:00:00+00:00,1.0570699486476227
2022-02-22T06:00:00+00:00,1.0572825875173073
2022-02-22T12:00:00+00:00,1.0605098714131174
2022-02-22T18:00:00+00:00,1.0617197228949125
2022-02-23T00:00:00+00:00,1.0615747288605133
2022-02-23T06:00:00+00:00,1.0593779932972107
2022-02-23T12:00:00+00:00,1.0579403153884341
2022-02-23T18:00:00+00:00,1.058551668144795
2022-02-24T00:00:00+00:00,1.0540018368785142
2022-02-24T06:00:00+00:00,1.0636180315025319
2022-02-24T12:00:00+00:00,1.061558033229318
2022-02-24T18:00:00+00:00,1.061103917956116
2022-02-25T00:00:00+00:00,1.0611975022027456
2022-02-25T06:00:00+00:00,1.0714919939911844
2022-02-25T12:00:00+00:00,1.0670711402215614
2022-02-25T18:00:00+00:00,1.0645813924329
2022-02-27T18:00:00+00:00,1.0759308077528045
2022-02-28T00:00:00+00:00,1.0766521457873288
2022-02-28T06:00:00+00:00,1.0748973105964317
2022-02-28T12:00:00+00:00,1.0750654999261997
2022-02-28T18:00:00+00:00,1.0788776187914555
2022-03-01T00:00:00+00:00,1.0802549430670207
2022-03-01T06:00:00+00:00,1.0761329104207806
2022-03-01T12:00:00+00:00,1.0795037812786288
2022-03-01T18:00:00+00:00,1.081508945092116
2022-03-02T00:00:00+00:00,1.0828193084454298
2022-03-02T06:00:00+00:00,1.0821502214883614
2022-03-02T12:00:00+00:00,1.0919009671142421
2022-03-02T18:00:00+00:00,1.0964530142488011
2022-03-03T00:00:00+00:00,1.0982307794436565
2022-03-03T06:00:00+00:00,1.0989847919844302
2022-03-03T12:00:00+00:00,1.0996452754258454
2022-03-03T18:00:00+00:00,1.0991427793923951
2022-03-04T00:00:00+00:00,1.0991238292807852
2022-03-04T06:00:00+00:00,1.1015339385880483
2022-03-04T12:00:00+00:00,1.09819073453795
2022-03-04T18:00:00+00:00,1.1005584782397007
2022-03-06T18:00:00+00:00,1.098785149924249
2022-03-07T00:00:00+00:00,1.0946256968757797
2022-03-07T06:00:00+00:00,1.0870801296069275
2022-03-07T12:00:00+00:00,1.0809681887688085
2022-03-07T18:00:00+00:00,1.080694624741428
2022-03-08T00:00:00+00:00,1.0802693854631544
2022-03-08T06:00:00+00:00,1.0797787720257848
2022-03-08T12:00:00+00:00,1.0781541226846802
2022-03-08T18:00:00+00:00,1.0819919539502438
2022-03-09T00:00:00+00:00,1.0804109919432785
2022-03-09T06:00:00+00:00,1.0793486111619688
2022-03-09T12:00:00+00:00,1.0710735708473336
2022-03-09T18:00:00+00:00,1.073135585655541
2022-03-10T00:00:00+00:00,1.0749653472857754
2022-03-10T06:00:00+00:00,1.076773265757125
2022-03-10T12:00:00+00:00,1.0754368088785173
2022-03-10T18:00:00+00:00,1.074764241555186
2022-03-11T00:00:00+00:00,1.0744127216262296
2022-03-11T06:00:00+00:00,1.0733955873422443
2022-03-11T12:00:00+00:00,1.0786510706485302
2022-03-11T18:00:00+00:00,1.0808923533707722
2022-03-13T18:00:00+00:00,1.0826315448070474
2022-03-14T00:00:00+00:00,1.0845371998904036
2022-03-14T06:00:00+00:00,1.0740164660993607
2022-03-14T12:00:00+00:00,1.0801590958766087
2022-03-14T18:00:00+00:00,1.0843681124750049
2022-03-15T00:00:00+00:00,1.0830619905820902
2022-03-15T06:00:00+00:00,1.0863238761773664
2022-03-15T12:00:00+00:00,1.0888558324710131
2022-03-15T18:00:00+00:00,1.0904555593560068
2022-03-16T00:00:00+00:00,1.0884730049681273
2022-03-16T06:00:00+00:00,1.0893565673518935
2022-03-16T12:00:00+00:00,1.0894226030363032
2022-03-16T18:00:00+00:00,1.0929619763263354
2022-03-17T00:00:00+00:00,1.0931453725371685
2022-03-17T06:00:00+00:00,1.0936422057767354
2022-03-17T12:00:00+00:00,1.0899664893793546
2022-03-17T18:00:00+00:00,1.0918956753413134
2022-03-18T00:00:00+00:00,1.0932954804392474
2022-03-18T06:00:00+00:00,1.0939385255086413
2022-03-18T12:00:00+00:00,1.0974950306940987
2022-03-18T18:00:00+00:00,1.0988753737296109
2022-03-20T18:00:00+00:00,1.1125287701946356
2022-03-21T00:00:00+00:00,1.1129253439127464
2022-03-21T06:00:00+00:00,1.1143802651674806
2022-03-21T12:00:00+00:00,1.1145033090854846
2022-03-21T18:00:00+00:00,1.11594390514416
2022-03-22T00:00:00+00:00,1.116209832180341
2022-03-22T06:00:00+00:00,1.114357835896041
2022-03-22T12:00:00+00:00,1.1155895814771621
2022-03-22T18:00:00+00:00,1.1152973916149347
2022-03-23T00:00:00+00:00,1.114783109063433
2022-03-23T06:00:00+00:00,1.1181315218632426
2022-03-23T12:00:00+00:00,1.1189558141222922
2022-03-23T18:00:00+00:00,1.1198708505254746
2022-03-24T00:00:00+00:00,1.1216813434311426
2022-03-24T06:00:00+00:00,1.1207536327955419
2022-03-24T12:00:00+00:00,1.1186971558896202
2022-03-24T18:00:00+00:00,1.1175710152115477
2022-03-25T00:00:00+00:00,1.1161650056995502
2022-03-25T06:00:00+00:00,1.115882485845227
2022-03-25T12:00:00+00:00,1.1176744098220386
2022-03-25T18:00:00+00:00,1.11754812511834
2022-03-27T18:00:00+00:00,1.1203388887449715
2022-03-28T00:00:00+00:00,1.1223130674340425
2022-03-28T06:00:00+00:00,1.1240067600256731
2022-03-28T12:00:00+00:00,1.1218137349414743
2022-03-28T18:00:00+00:00,1.123491868263132
2022-03-29T00:00:00+00:00,1.126558369749769
2022-03-29T06:00:00+00:00,1.1283724716241228
2022-03-29T12:00:00+00:00,1.12538391488332
2022-03-29T18:00:00+00:00,1.1243619006651566
2022-03-30T00:00:00+00:00,1.1226589354174745
2022-03-30T06:00:00+00:00,1.1218146261316702
2022-03-30T12:00:00+00:00,1.1209723468764339
2022-03-30T18:00:00+00:00,1.121480518847981
2022-03-31T00:00:00+00:00,1.1219734026555603
2022-03-31T06:00:00+00:00,1.1211643317034685
2022-03-31T12:00:00+00:00,1.127841366071588
2022-03-31T18:00:00+00:00,1.1284944050092305
2022-04-01T00:00:00+00:00,1.1302019450540697
2022-04-01T06:00:00+00:00,1.1333748921543627
2022-04-01T12:00:00+00:00,1.1355891904951219
2022-04-01T18:00:00+00:00,1.1352036893431852
2022-04-03T18:00:00+00:00,1.1366808657576801
2022-04-04T00:00:00+00:00,1.135146548559949
2022-04-04T06:00:00+00:00,1.1355923732897002
2022-04-04T12:00:00+00:00,1.1371630726237432
2022-04-04T18:00:00+00:00,1.137621154911393
2022-04-05T00:00:00+00:00,1.1371313130466139
2022-04-05T06:00:00+00:00,1.138383900828204
2022-04-05T12:00:00+00:00,1.1372909011355472
2022-04-05T18:00:00+00:00,1.139186274966616
2022-04-06T00:00:00+00:00,1.1428027304274715
2022-04-06T06:00:00+00:00,1.1463091454114207
2022-04-06T12:00:00+00:00,1.1465707855252714
2022-04-06T18:00:00+00:00,1.151418184487835
2022-04-07T00:00:00+00:00,1.1526926365839933
2022-04-07T06:00:00+00:00,1.1495628027944587
2022-04-07T12:00:00+00:00,1.1527938063060668
2022-04-07T18:00:00+00:00,1.1547182701162233
2022-04-08T00:00:00+00:00,1.1539882078652328
2022-04-08T06:00:00+00:00,1.1590840527253488
2022-04-08T12:00:00+00:00,1.1563976688387583
2022-04-08T18:00:00+00:00,1.1561369308394147
2022-04-10T18:00:00+00:00,1.154936639376863
2022-04-11T00:00:00+00:00,1.1544834078162178
2022-04-11T06:00:00+00:00,1.154856339338231
2022-04-11T12:00:00+00:00,1.1562013962206301
2022-04-11T18:00:00+00:00,1.1568126606293787
2022-04-12T00:00:00+00:00,1.1556273635984884
2022-04-12T06:00:00+00:00,1.1570465619889156
2022-04-12T12:00:00+00:00,1.1650618930830843
2022-04-12T18:00:00+00:00,1.1653273748931892
2022-04-13T00:00:00+00:00,1.1626310500719994
2022-04-13T06:00:00+00:00,1.1663751731066665
2022-04-13T12:00:00+00:00,1.1606734912480843
2022-04-13T18:00:00+00:00,1.1601599363734174
2022-04-14T00:00:00+00:00,1.1590286870238549
2022-04-14T06:00:00+00:00,1.1627102240016247
2022-04-14T12:00:00+00:00,1.1650387238525388
2022-04-14T18:00:00+00:00,1.1664450908442483
2022-04-15T00:00:00+00:00,1.1680250319110697
2022-04-15T06:00:00+00:00,1.1676459001843382
2022-04-15T12:00:00+00:00,1.169331104444843
2022-04-15T18:00:00+00:00,1.1691578846713644
2022-04-17T18:00:00+00:00,1.1713968577933502
2022-04-18T00:00:00+00:00,1.1711024636351506
2022-04-18T06:00:00+00:00,1.1697627617502127
2022-04-18T12:00:00+00:00,1.1719667274882262
2022-04-18T18:00:00+00:00,1.183690142285337
2022-04-19T00:00:00+00:00,1.184751352216508
2022-04-19T06:00:00+00:00,1.1839539080826884
2022-04-19T12:00:00+00:00,1.1857538122533884
2022-04-19T18:00:00+00:00,1.1859803565816522
2022-04-20T00:00:00+00:00,1.1877306815114081
2022-04-20T06:00:00+00:00,1.1863328413894247
2022-04-20T12:00:00+00:00,1.18660989999695
2022-04-20T18:00:00+00:00,1.1911716528049054
2022-04-21T00:00:00+00:00,1.1921799293106146
2022-04-21T06:00:00+00:00,1.1884661533051795
2022-04-21T12:00:00+00:00,1.1914350162552805
2022-04-21T18:00:00+00:00,1.193057938966541
2022-04-22T00:00:00+00:00,1.1930363883989097
2022-04-22T06:00:00+00:00,1.1920800320979874
2022-04-22T12:00:00+00:00,1.1918529374134141
2022-04-22T18:00:00+00:00,1.1935738910589224
2022-04-24T18:00:00+00:00,1.1946073993754704
2022-04-25T00:00:00+00:00,1.1941829029502475
2022-04-25T06:00:00+00:00,1.1917015961985713
2022-04-25T12:00:00+00:00,1.1909141363786284
2022-04-25T18:00:00+00:00,1.190670362170375
2022-04-26T00:00:00+00:00,1.1885192222381507
2022-04-26T06:00:00+00:00,1.192211454382521
2022-04-26T12:00:00+00:00,1.1942076171235416
2022-04-26T18:00:00+00:00,1.1942983455826919
2022-04-27T00:00:00+00:00,1.1941733990964947
2022-04-27T06:00:00+00:00,1.2057350482908067
2022-04-27T12:00:00+00:00,1.2012247446421416
2022-04-27T18:00:00+00:00,1.2028424336246553
2022-04-28T00:00:00+00:00,1.209302798166738
2022-04-28T06:00:00+00:00,1.2063549959494453
2022-04-28T12:00:00+00:00,1.2070252513260793
2022-04-28T18:00:00+00:00,1.2081639289651098
2022-04-29T00:00:00+00:00,1.2007191150339862
2022-04-29T06:00:00+00:00,1.1994937770758043
2022-04-29T12:00:00+00:00,1.1999374394925453
2022-04-29T18:00:00+00:00,1.2007274540184714
2022-05-01T18:00:00+00:00,1.2038090188717132
2022-05-02T00:00:00+00:00,1.2081312701744242
2022-05-02T06:00:00+00:00,1.2095270313374553
2022-05-02T12:00:00+00:00,1.2149075578054904
2022-05-02T18:00:00+00:00,1.215360651679006
2022-05-03T00:00:00+00:00,1.2168960206029664
2022-05-03T06:00:00+00:00,1.21477139436627
2022-05-03T12:00:00+00:00,1.2162431912860752
2022-05-03T18:00:00+00:00,1.2193937382746678
2022-05-04T00:00:00+00:00,1.220902345235964
2022-05-04T06:00:00+00:00,1.2209684605371525
2022-05-04T12:00:00+00:00,1.2244117291517025
2022-05-04T18:00:00+00:00,1.2305528049838512
2022-05-05T00:00:00+00:00,1.228716524876001
2022-05-05T06:00:00+00:00,1.2299213667417221
2022-05-05T12:00:00+00:00,1.2249538342560173
2022-05-05T18:00:00+00:00,1.2227928222159825
2022-05-06T00:00:00+00:00,1.223536298008936
2022-05-06T06:00:00+00:00,1.2180282061754035
2022-05-06T12:00:00+00:00,1.2325433831544763
2022-05-06T18:00:00+00:00,1.235894718129156
2022-05-08T18:00:00+00:00,1.2375876126690695
2022-05-09T00:00:00+00:00,1.2381812141987325
2022-05-09T06:00:00+00:00,1.241743592819075
2022-05-09T12:00:00+00:00,1.2310700978868605
2022-05-09T18:00:00+00:00,1.233264851642783
2022-05-10T00:00:00+00:00,1.23156903129024
2022-05-10T06:00:00+00:00,1.233560697819643
2022-05-10T12:00:00+00:00,1.2346384476679844
2022-05-10T18:00:00+00:00,1.2371320960809442
2022-05-11T00:00:00+00:00,1.235092476127144
2022-05-11T06:00:00+00:00,1.2358277517958072
2022-05-11T12:00:00+00:00,1.2437086083946336
2022-05-11T18:00:00+00:00,1.2475032496762881
2022-05-12T00:00:00+00:00,1.2485752371298884
2022-05-12T06:00:00+00:00,1.2417958922546002
2022-05-12T12:00:00+00:00,1.2489070700561575
2022-05-12T18:00:00+00:00,1.2517205852336655
2022-05-13T00:00:00+00:00,1.2520267830074052
2022-05-13T06:00:00+00:00,1.2539721973421374
2022-05-13T12:00:00+00:00,1.2575177630666374
2022-05-13T18:00:00+00:00,1.2556144846533757
2022-05-15T18:00:00+00:00,1.2569191828496389
2022-05-16T00:00:00+00:00,1.2554063609707262
2022-05-16T06:00:00+00:00,1.2577300263377345
2022-05-16T12:00:00+00:00,1.2616147391030141
2022-05-16T18:00:00+00:00,1.2600661815746719
2022-05-17T00:00:00+00:00,1.2592687881879085
2022-05-17T06:00:00+00:00,1.2525071660941416
2022-05-17T12:00:00+00:00,1.2584831087507053
2022-05-17T18:00:00+00:00,1.261048781291569
2022-05-18T00:00:00+00:00,1.260402268725017
2022-05-18T06:00:00+00:00,1.2605517274748774
2022-05-18T12:00:00+00:00,1.2601699623841007
2022-05-18T18:00:00+00:00,1.262687735528685
2022-05-19T00:00:00+00:00,1.2633012241933244
2022-05-19T06:00:00+00:00,1.25884420204402
2022-05-19T12:00:00+00:00,1.2513229186512966
2022-05-19T18:00:00+00:00,1.2550616692892476
2022-05-20T00:00:00+00:00,1.2527500701082732
2022-05-20T06:00:00+00:00,1.2562801112601758
2022-05-20T12:00:00+00:00,1.2589444454789374
2022-05-20T18:00:00+00:00,1.2597886632184963
2022-05-22T18:00:00+00:00,1.2596597688164095
2022-05-23T00:00:00+00:00,1.2564139767404288
2022-05-23T06:00:00+00:00,1.2519180813994593
2022-05-23T12:00:00+00:00,1.2539214926574813
2022-05-23T18:00:00+00:00,1.2544906612543718
2022-05-24T00:00:00+00:00,1.255328033732997
2022-05-24T06:00:00+00:00,1.2507988736184446
2022-05-24T12:00:00+00:00,1.2503033900156464
2022-05-24T18:00:00+00:00,1.2513800455489696
2022-05-25T00:00:00+00:00,1.2515271097064986
2022-05-25T06:00:00+00:00,1.2538323922812973
2022-05-25T12:00:00+00:00,1.2481690507709813
2022-05-25T18:00:00+00:00,1.2457002365515326
2022-05-26T00:00:00+00:00,1.248109420152211
2022-05-26T06:00:00+00:00,1.2454636236144907
2022-05-26T12:00:00+00:00,1.2471330220327452
2022-05-26T18:00:00+00:00,1.2461671553355036
2022-05-27T00:00:00+00:00,1.2450113743451416
2022-05-27T06:00:00+00:00,1.2489427995886269
2022-05-27T12:00:00+00:00,1.2485050761058243
2022-05-27T18:00:00+00:00,1.2470722880748182
2022-05-29T18:00:00+00:00,1.2476091868279908
2022-05-30T00:00:00+00:00,1.2449639508470611
2022-05-30T06:00:00+00:00,1.2479711492560397
2022-05-30T12:00:00+00:00,1.2483618892313793
2022-05-30T18:00:00+00:00,1.250335705923509
2022-05-31T00:00:00+00:00,1.2523760409365554
2022-05-31T06:00:00+00:00,1.2632465730637186
2022-05-31T12:00:00+00:00,1.268534871754504
2022-05-31T18:00:00+00:00,1.2702191543699852
2022-06-01T00:00:00+00:00,1.2729613896445782
2022-06-01T06:00:00+00:00,1.2746579818133552
2022-06-01T12:00:00+00:00,1.2684021936085592
2022-06-01T18:00:00+00:00,1.270398267852178
2022-06-02T00:00:00+00:00,1.2752203224798486
2022-06-02T06:00:00+00:00,1.2699608393776178
2022-06-02T12:00:00+00:00,1.2646855030567221
2022-06-02T18:00:00+00:00,1.2653897332195845
2022-06-03T00:00:00+00:00,1.2659878456319023
2022-06-03T06:00:00+00:00,1.2686649357179185
2022-06-03T12:00:00+00:00,1.2710121831545256
2022-06-03T18:00:00+00:00,1.2710552473791128
2022-06-05T18:00:00+00:00,1.271064908363709
2022-06-06T00:00:00+00:00,1.2748834656830217
2022-06-06T06:00:00+00:00,1.2726929400285967
2022-06-06T12:00:00+00:00,1.2833568571916776
2022-06-06T18:00:00+00:00,1.285736102746883
2022-06-07T00:00:00+00:00,1.2885585100675967
2022-06-07T06:00:00+00:00,1.2934654115912836
2022-06-07T12:00:00+00:00,1.291408517916157
2022-06-07T18:00:00+00:00,1.2917451478517807
2022-06-08T00:00:00+00:00,1.2958722727708547
2022-06-08T06:00:00+00:00,1.2941111133807284
2022-06-08T12:00:00+00:00,1.2957301295993664
2022-06-08T18:00:00+00:00,1.2959528745617659
2022-06-09T00:00:00+00:00,1.294979374029646
2022-06-09T06:00:00+00:00,1.2939737082894613
2022-06-09T12:00:00+00:00,1.2931348804174168
2022-06-09T18:00:00+00:00,1.2924168646057663
2022-06-10T00:00:00+00:00,1.2923276106070454
2022-06-10T06:00:00+00:00,1.2954391754949122
2022-06-10T12:00:00+00:00,1.3114332136998894
2022-06-10T18:00:00+00:00,1.3116583758403715
2022-06-12T18:00:00+00:00,1.3135053533245058
2022-06-13T00:00:00+00:00,1.3148715867777339
2022-06-13T06:00:00+00:00,1.320528585193861
2022-06-13T12:00:00+00:00,1.3222019003697338
2022-06-13T18:00:00+00:00,1.3332052448907108
2022-06-14T00:00:00+00:00,1.3306376646968643
2022-06-14T06:00:00+00:00,1.3259734069600764
2022-06-14T12:00:00+00:00,1.3283641987655703
2022-06-14T18:00:00+00:00,1.3284432796564773
2022-06-15T00:00:00+00:00,1.3253992252838127
2022-06-15T06:00:00+00:00,1.3303306656714957
2022-06-15T12:00:00+00:00,1.32773334729911
2022-06-15T18:00:00+00:00,1.3318938708951156
2022-06-16T00:00:00+00:00,1.3355774684602144
2022-06-16T06:00:00+00:00,1.3442025530563453
2022-06-16T12:00:00+00:00,1.3374727110798341
2022-06-16T18:00:00+00:00,1.3414936386972816
2022-06-17T00:00:00+00:00,1.346396704871995
2022-06-17T06:00:00+00:00,1.3539399427385241
2022-06-17T12:00:00+00:00,1.352031285753004
2022-06-17T18:00:00+00:00,1.3524458617015804
2022-06-19T18:00:00+00:00,1.3537976266238805
2022-06-20T00:00:00+00:00,1.3505735331185795
2022-06-20T06:00:00+00:00,1.3484672303115206
2022-06-20T12:00:00+00:00,1.3484770549501284
2022-06-20T18:00:00+00:00,1.3482276591374596
2022-06-21T00:00:00+00:00,1.3461058269156005
2022-06-21T06:00:00+00:00,1.3404646540965235
2022-06-21T12:00:00+00:00,1.3435258059484194
2022-06-21T18:00:00+00:00,1.3446006802293229
2022-06-22T00:00:00+00:00,1.3489677535825064
2022-06-22T06:00:00+00:00,1.354305815042192
2022-06-22T12:00:00+00:00,1.3523232974747212
2022-06-22T18:00:00+00:00,1.3562851390685318
2022-06-23T00:00:00+00:00,1.3563393875335317
2022-06-23T06:00:00+00:00,1.3651472921014365
2022-06-23T12:00:00+00:00,1.3647351456258048
2022-06-23T18:00:00+00:00,1.3622466416371044
2022-06-24T00:00:00+00:00,1.3602888116411407
2022-06-24T06:00:00+00:00,1.3627199651053352
2022-06-24T12:00:00+00:00,1.3739648474929635
2022-06-24T18:00:00+00:00,1.3746027015419178
2022-06-26T18:00:00+00:00,1.374172365390131
2022-06-27T00:00:00+00:00,1.373726220769961
2022-06-27T06:00:00+00:00,1.3766230286863277
2022-06-27T12:00:00+00:00,1.378539908237046
2022-06-27T18:00:00+00:00,1.3810127615483139
2022-06-28T00:00:00+00:00,1.3816409982006668
2022-06-28T06:00:00+00:00,1.3853354958857396
2022-06-28T12:00:00+00:00,1.3849966321181315
2022-06-28T18:00:00+00:00,1.3872686874211249
2022-06-29T00:00:00+00:00,1.3923262084111685
2022-06-29T06:00:00+00:00,1.393465857747137
2022-06-29T12:00:00+00:00,1.4005885496896295
2022-06-29T18:00:00+00:00,1.404993174177683
2022-06-30T00:00:00+00:00,1.4067594203879121
2022-06-30T06:00:00+00:00,1.4085760093103916
2022-06-30T12:00:00+00:00,1.404645121388388
2022-06-30T18:00:00+00:00,1.4067245116787739
2022-07-01T00:00:00+00:00,1.4021181442166704
2022-07-01T06:00:00+00:00,1.406897507611623
2022-07-01T12:00:00+00:00,1.40296624427564
2022-07-01T18:00:00+00:00,1.4019528226439366
2022-07-03T18:00:00+00:00,1.402726492707786
2022-07-04T00:00:00+00:00,1.4042390189715301
2022-07-04T06:00:00+00:00,1.4042891893929321
2022-07-04T12:00:00+00:00,1.4045820466937997
2022-07-04T18:00:00+00:00,1.4049988847964574
2022-07-05T00:00:00+00:00,1.4048140200533439
2022-07-05T06:00:00+00:00,1.40264461824495
2022-07-05T12:00:00+00:00,1.4021885629975708
2022-07-05T18:00:00+00:00,1.4011448586218749
2022-07-06T00:00:00+00:00,1.4005693242279016
2022-07-06T06:00:00+00:00,1.392600328529094
2022-07-06T12:00:00+00:00,1.3929737886966085
2022-07-06T18:00:00+00:00,1.3939756718643503
2022-07-07T00:00:00+00:00,1.390445334376537
2022-07-07T06:00:00+00:00,1.3916479994177742
2022-07-07T12:00:00+00:00,1.3914100797872675
2022-07-07T18:00:00+00:00,1.3913381696085738
2022-07-08T00:00:00+00:00,1.3941249386322274
2022-07-08T06:00:00+00:00,1.3857071229727445
2022-07-08T12:00:00+00:00,1.3943703465776685
2022-07-08T18:00:00+00:00,1.3919486352306574
2022-07-10T18:00:00+00:00,1.3961903911085602
2022-07-11T00:00:00+00:00,1.398230136766243
2022-07-11T06:00:00+00:00,1.396897910564648
2022-07-11T12:00:00+00:00,1.3924890383341741
2022-07-11T18:00:00+00:00,1.3948491783882488
2022-07-12T00:00:00+00:00,1.4153068838418532
2022-07-12T06:00:00+00:00,1.4126592888860108
2022-07-12T12:00:00+00:00,1.413574124160134
2022-07-12T18:00:00+00:00,1.4149270916783125
2022-07-13T00:00:00+00:00,1.4167536100754101
2022-07-13T06:00:00+00:00,1.415730617446693
2022-07-13T12:00:00+00:00,1.4156790796151162
2022-07-13T18:00:00+00:00,1.4170412095901934
2022-07-14T00:00:00+00:00,1.4165497192663972
2022-07-14T06:00:00+00:00,1.4203899325033948
2022-07-14T12:00:00+00:00,1.4191267784252748
2022-07-14T18:00:00+00:00,1.4172107510315075
2022-07-15T00:00:00+00:00,1.4187972045438073
2022-07-15T06:00:00+00:00,1.4224763220909296
2022-07-15T12:00:00+00:00,1.4260010655434805
2022-07-15T18:00:00+00:00,1.4254192373851942
2022-07-17T18:00:00+00:00,1.423853617720707
2022-07-18T00:00:00+00:00,1.4264614549613779
2022-07-18T06:00:00+00:00,1.4205001996502862
2022-07-18T12:00:00+00:00,1.4252554698266182
2022-07-18T18:00:00+00:00,1.4246574312709601
2022-07-19T00:00:00+00:00,1.4254863668447113
2022-07-19T06:00:00+00:00,1.4096164760221979
2022-07-19T12:00:00+00:00,1.4125716881204533
2022-07-19T18:00:00+00:00,1.4140386538239536
2022-07-20T00:00:00+00:00,1.4133530512100065
2022-07-20T06:00:00+00:00,1.4139880591929563
2022-07-20T12:00:00+00:00,1.4146133767051052
2022-07-20T18:00:00+00:00,1.4168564704914837
2022-07-21T00:00:00+00:00,1.413561173815209
2022-07-21T06:00:00+00:00,1.4161859542089754
2022-07-21T12:00:00+00:00,1.4344649368732783
2022-07-21T18:00:00+00:00,1.430516497160257
2022-07-22T00:00:00+00:00,1.43575009539046
2022-07-22T06:00:00+00:00,1.4340092533088522
2022-07-22T12:00:00+00:00,1.431677957864866
2022-07-22T18:00:00+00:00,1.4273534375850292
2022-07-24T18:00:00+00:00,1.4290694700341393
2022-07-25T00:00:00+00:00,1.4300248636966635
2022-07-25T06:00:00+00:00,1.4278192903644298
2022-07-25T12:00:00+00:00,1.4264446862294755
2022-07-25T18:00:00+00:00,1.4274935058136098
2022-07-26T00:00:00+00:00,1.428645593859554
2022-07-26T06:00:00+00:00,1.429465235933358
2022-07-26T12:00:00+00:00,1.4339881400518004
2022-07-26T18:00:00+00:00,1.4337454099394509
2022-07-27T00:00:00+00:00,1.4322525771462884
2022-07-27T06:00:00+00:00,1.4311731932437457
2022-07-27T12:00:00+00:00,1.4358238585385108
2022-07-27T18:00:00+00:00,1.428730689223303
2022-07-28T00:00:00+00:00,1.4278220212922657
2022-07-28T06:00:00+00:00,1.4276299453769377
2022-07-28T12:00:00+00:00,1.4292436741472145
2022-07-28T18:00:00+00:00,1.4280539632591884
2022-07-29T00:00:00+00:00,1.4267528209654523
2022-07-29T06:00:00+00:00,1.4305274924621811
2022-07-29T12:00:00+00:00,1.422439237571066
2022-07-29T18:00:00+00:00,1.4204217753399322
2022-07-31T18:00:00+00:00,1.4238595302229045
2022-08-01T00:00:00+00:00,1.4214079089998888
2022-08-01T06:00:00+00:00,1.4162920821006626
2022-08-01T12:00:00+00:00,1.414261375849788
2022-08-01T18:00:00+00:00,1.4157547071376813
2022-08-02T00:00:00+00:00,1.414795736160761
2022-08-02T06:00:00+00:00,1.4111916416216428
2022-08-02T12:00:00+00:00,1.4105440900842976
2022-08-02T18:00:00+00:00,1.4164337460279917
2022-08-03T00:00:00+00:00,1.4115753575692498
2022-08-03T06:00:00+00:00,1.4213037692043478
2022-08-03T12:00:00+00:00,1.4240444514211075
2022-08-03T18:00:00+00:00,1.4252417777479174
2022-08-04T00:00:00+00:00,1.4252149618378145
2022-08-04T06:00:00+00:00,1.4221154896237576
2022-08-04T12:00:00+00:00,1.4179212170641213
2022-08-04T18:00:00+00:00,1.4170885382600578
2022-08-05T00:00:00+00:00,1.4187681603772664
2022-08-05T06:00:00+00:00,1.4202554831552814
2022-08-05T12:00:00+00:00,1.4323323018673007
2022-08-05T18:00:00+00:00,1.4331784135259873
2022-08-07T18:00:00+00:00,1.4356714541909996
2022-08-08T00:00:00+00:00,1.4360098431797705
2022-08-08T06:00:00+00:00,1.437131814630415
2022-08-08T12:00:00+00:00,1.4353853682078699
2022-08-08T18:00:00+00:00,1.4350593347007454
2022-08-09T00:00:00+00:00,1.4347198672441657
2022-08-09T06:00:00+00:00,1.4312784931058582
2022-08-09T12:00:00+00:00,1.4356607514250863
2022-08-09T18:00:00+00:00,1.4367643055572163
2022-08-10T00:00:00+00:00,1.4369977439697967
2022-08-10T06:00:00+00:00,1.433615683011197
2022-08-10T12:00:00+00:00,1.4404467258273812
2022-08-10T18:00:00+00:00,1.4458521759126242
2022-08-11T00:00:00+00:00,1.4492981667909266
2022-08-11T06:00:00+00:00,1.4472711363885233
2022-08-11T12:00:00+00:00,1.447822151157557
2022-08-11T18:00:00+00:00,1.4516240703979424
2022-08-12T00:00:00+00:00,1.4519871646651525
2022-08-12T06:00:00+00:00,1.4539560596544194
2022-08-12T12:00:00+00:00,1.4546834388919883
2022-08-12T18:00:00+00:00,1.4553509548815762
2022-08-14T18:00:00+00:00,1.456507396976408
2022-08-15T00:00:00+00:00,1.460430322763859
2022-08-15T06:00:00+00:00,1.4605407153275272
2022-08-15T12:00:00+00:00,1.4653316521775732
2022-08-15T18:00:00+00:00,1.4668624258408114
2022-08-16T00:00:00+00:00,1.466624103690537
2022-08-16T06:00:00+00:00,1.4682387461070365
2022-08-16T12:00:00+00:00,1.4621937660620348
2022-08-16T18:00:00+00:00,1.4629363377902909
2022-08-17T00:00:00+00:00,1.4645795689907741
2022-08-17T06:00:00+00:00,1.4649498038686706
2022-08-17T12:00:00+00:00,1.4699151376080892
2022-08-17T18:00:00+00:00,1.4691094064409358
2022-08-18T00:00:00+00:00,1.4704999139680275
2022-08-18T06:00:00+00:00,1.4673901778503173
2022-08-18T12:00:00+00:00,1.4605692979860065
2022-08-18T18:00:00+00:00,1.4625441482705843
2022-08-19T00:00:00+00:00,1.4648103866756264
2022-08-19T06:00:00+00:00,1.465261645667937
2022-08-19T12:00:00+00:00,1.4625554853582943
2022-08-19T18:00:00+00:00,1.4639428182010246
2022-08-21T18:00:00+00:00,1.465593451436325
2022-08-22T00:00:00+00:00,1.4654642342148994
2022-08-22T06:00:00+00:00,1.4630300610974207
2022-08-22T12:00:00+00:00,1.4650729742582675
2022-08-22T18:00:00+00:00,1.4657593722835325
2022-08-23T00:00:00+00:00,1.4657659467122293
2022-08-23T06:00:00+00:00,1.4682394277444852
2022-08-23T12:00:00+00:00,1.4611131505650947
2022-08-23T18:00:00+00:00,1.4633097677421887
2022-08-24T00:00:00+00:00,1.4655941692675603
2022-08-24T06:00:00+00:00,1.4648678647237863
2022-08-24T12:00:00+00:00,1.4637675553572538
2022-08-24T18:00:00+00:00,1.4673821392101227
2022-08-25T00:00:00+00:00,1.464141567841263
2022-08-25T06:00:00+00:00,1.4670456536958645
2022-08-25T12:00:00+00:00,1.4636010825101151
2022-08-25T18:00:00+00:00,1.4652284607795494
2022-08-26T00:00:00+00:00,1.4671852396975804
2022-08-26T06:00:00+00:00,1.4679156610795001
2022-08-26T12:00:00+00:00,1.457734388229486
2022-08-26T18:00:00+00:00,1.458587774501566
2022-08-28T18:00:00+00:00,1.4578412080662038
2022-08-29T00:00:00+00:00,1.4597240587274667
2022-08-29T06:00:00+00:00,1.456981352307196
2022-08-29T12:00:00+00:00,1.4583485765011595
2022-08-29T18:00:00+00:00,1.4574036908317516
2022-08-30T00:00:00+00:00,1.458100592616238
2022-08-30T06:00:00+00:00,1.466212654342201
2022-08-30T12:00:00+00:00,1.4712125088174892
2022-08-30T18:00:00+00:00,1.473067064598437
2022-08-31T00:00:00+00:00,1.469779830612677
2022-08-31T06:00:00+00:00,1.4726926313666193
2022-08-31T12:00:00+00:00,1.4720384581037786
2022-08-31T18:00:00+00:00,1.4743641776569814
2022-09-01T00:00:00+00:00,1.474893187083057
2022-09-01T06:00:00+00:00,1.478600224727471
2022-09-01T12:00:00+00:00,1.481155119978828
2022-09-01T18:00:00+00:00,1.4828056896839734
2022-09-02T00:00:00+00:00,1.4827437143369586
2022-09-02T06:00:00+00:00,1.4823514924812156
2022-09-02T12:00:00+00:00,1.480794425114916
2022-09-02T18:00:00+00:00,1.480796717604068
2022-09-04T18:00:00+00:00,1.4859558810969724
2022-09-05T00:00:00+00:00,1.4883133706129579
2022-09-05T06:00:00+00:00,1.487042239405464
2022-09-05T12:00:00+00:00,1.486270824626356
2022-09-05T18:00:00+00:00,1.4854719037926187
2022-09-06T00:00:00+00:00,1.4892071311011814
2022-09-06T06:00:00+00:00,1.4930071792286497
2022-09-06T12:00:00+00:00,1.4970194441433202
2022-09-06T18:00:00+00:00,1.4973132821797372
2022-09-07T00:00:00+00:00,1.5000979767929543
2022-09-07T06:00:00+00:00,1.5103358562327698
2022-09-07T12:00:00+00:00,1.500239208963947
2022-09-07T18:00:00+00:00,1.5040055593277488
2022-09-08T00:00:00+00:00,1.5074394565531046
2022-09-08T06:00:00+00:00,1.5038578708064838
2022-09-08T12:00:00+00:00,1.498237051809285
2022-09-08T18:00:00+00:00,1.497927176992227
2022-09-09T00:00:00+00:00,1.4903455725327885
2022-09-09T06:00:00+00:00,1.484421557528882
2022-09-09T12:00:00+00:00,1.48561197478536
2022-09-09T18:00:00+00:00,1.4857444395648693
2022-09-11T18:00:00+00:00,1.4844741272630735
2022-09-12T00:00:00+00:00,1.4847405767479764
2022-09-12T06:00:00+00:00,1.4765092066917807
2022-09-12T12:00:00+00:00,1.4788268326571488
2022-09-12T18:00:00+00:00,1.4814223986705464
2022-09-13T00:00:00+00:00,1.4862056935629984
2022-09-13T06:00:00+00:00,1.4893584856793398
2022-09-13T12:00:00+00:00,1.5011562935932894
2022-09-13T18:00:00+00:00,1.501628309100926
2022-09-14T00:00:00+00:00,1.5023871217944886
2022-09-14T06:00:00+00:00,1.4971127704407672
2022-09-14T12:00:00+00:00,1.505657860379582
2022-09-14T18:00:00+00:00,1.5056778071656465
2022-09-15T00:00:00+00:00,1.5078501696552622
2022-09-15T06:00:00+00:00,1.511857308707868
2022-09-15T12:00:00+00:00,1.5233267282166034
2022-09-15T18:00:00+00:00,1.5232818811593007
2022-09-16T00:00:00+00:00,1.5206052562640553
2022-09-16T06:00:00+00:00,1.5253650027377823
2022-09-16T12:00:00+00:00,1.5257387266112639
2022-09-16T18:00:00+00:00,1.5243980713212766
2022-09-18T18:00:00+00:00,1.5267510836089873
2022-09-19T00:00:00+00:00,1.532369597474444
2022-09-19T06:00:00+00:00,1.5332648348134434
2022-09-19T12:00:00+00:00,1.5340393860430244
2022-09-19T18:00:00+00:00,1.5302044820689833
2022-09-20T00:00:00+00:00,1.533768725522991
2022-09-20T06:00:00+00:00,1.538490453777624
2022-09-20T12:00:00+00:00,1.5403201726384852
2022-09-20T18:00:00+00:00,1.5408103403745772
2022-09-21T00:00:00+00:00,1.5452934760035513
2022-09-21T06:00:00+00:00,1.5423792059878236
2022-09-21T12:00:00+00:00,1.5398413733596275
2022-09-21T18:00:00+00:00,1.5602407827689018
2022-09-22T00:00:00+00:00,1.5630888149254185
2022-09-22T06:00:00+00:00,1.5642529038049215
2022-09-22T12:00:00+00:00,1.5656294217882265
2022-09-22T18:00:00+00:00,1.5670403620870736
2022-09-23T00:00:00+00:00,1.5681033374336466
2022-09-23T06:00:00+00:00,1.5612577903419966
2022-09-23T12:00:00+00:00,1.573481732138193
2022-09-23T18:00:00+00:00,1.5736708076643935
2022-09-25T18:00:00+00:00,1.5786436329921145
2022-09-26T00:00:00+00:00,1.5815219526968907
2022-09-26T06:00:00+00:00,1.5948231951264789
2022-09-26T12:00:00+00:00,1.5962953264227524
2022-09-26T18:00:00+00:00,1.5978666953729888
2022-09-27T00:00:00+00:00,1.593278537405151
2022-09-27T06:00:00+00:00,1.6003996035310208
2022-09-27T12:00:00+00:00,1.616711592856065
2022-09-27T18:00:00+00:00,1.6185104476344574
2022-09-28T00:00:00+00:00,1.6165785042947813
2022-09-28T06:00:00+00:00,1.621179145514146
2022-09-28T12:00:00+00:00,1.600294454852827
2022-09-28T18:00:00+00:00,1.602794620833406
2022-09-29T00:00:00+00:00,1.604909364070974
2022-09-29T06:00:00+00:00,1.6076543878499339
2022-09-29T12:00:00+00:00,1.6142642700618015
2022-09-29T18:00:00+00:00,1.618435885553253
2022-09-30T00:00:00+00:00,1.6201547010997952
2022-09-30T06:00:00+00:00,1.6164010490530794
2022-09-30T12:00:00+00:00,1.622822335131852
2022-09-30T18:00:00+00:00,1.6232622181938106
2022-10-02T18:00:00+00:00,1.6235137731706017
2022-10-03T00:00:00+00:00,1.6135937787797987
2022-10-03T06:00:00+00:00,1.6165008369308862
2022-10-03T12:00:00+00:00,1.6134434007615055
2022-10-03T18:00:00+00:00,1.6090777391035516
2022-10-04T00:00:00+00:00,1.6145904280292698
2022-10-04T06:00:00+00:00,1.6143461536819652
2022-10-04T12:00:00+00:00,1.6089792233129747
2022-10-04T18:00:00+00:00,1.6102760947349406
2022-10-05T00:00:00+00:00,1.6225376031086105
2022-10-05T06:00:00+00:00,1.6256761413936154
2022-10-05T12:00:00+00:00,1.632647459119992
2022-10-05T18:00:00+00:00,1.6293075284438676
2022-10-06T00:00:00+00:00,1.626846438728578
2022-10-06T06:00:00+00:00,1.6304910785744346
2022-10-06T12:00:00+00:00,1.6443018633084672
2022-10-06T18:00:00+00:00,1.6464169069454149
2022-10-07T00:00:00+00:00,1.649855613287175
2022-10-07T06:00:00+00:00,1.654557371134546
2022-10-07T12:00:00+00:00,1.669524364328792
2022-10-07T18:00:00+00:00,1.668658202268551
2022-10-09T18:00:00+00:00,1.6698144643271124
2022-10-10T00:00:00+00:00,1.671834411950039
2022-10-10T06:00:00+00:00,1.67930900980756
2022-10-10T12:00:00+00:00,1.683000389344096
2022-10-10T18:00:00+00:00,1.685616879649407
2022-10-11T00:00:00+00:00,1.6845319596891282
2022-10-11T06:00:00+00:00,1.6864061819813567
2022-10-11T12:00:00+00:00,1.6758245259063784
2022-10-11T18:00:00+00:00,1.6726744196453942
2022-10-12T00:00:00+00:00,1.6764231442032513
2022-10-12T06:00:00+00:00,1.6860459173505082
2022-10-12T12:00:00+00:00,1.6865374776600721
2022-10-12T18:00:00+00:00,1.6866726507315728
2022-10-13T00:00:00+00:00,1.6890767000473066
2022-10-13T06:00:00+00:00,1.6841678566529277
2022-10-13T12:00:00+00:00,1.6742870860471313
2022-10-13T18:00:00+00:00,1.6848219005743577
2022-10-14T00:00:00+00:00,1.6829024577406329
2022-10-14T06:00:00+00:00,1.6796699095668268
2022-10-14T12:00:00+00:00,1.671112355961364
2022-10-14T18:00:00+00:00,1.672746591357677
2022-10-16T18:00:00+00:00,1.6726684346186453
2022-10-17T00:00:00+00:00,1.6705236061729536
2022-10-17T06:00:00+00:00,1.678758636697944
2022-10-17T12:00:00+00:00,1.6660810178562473
2022-10-17T18:00:00+00:00,1.6660412097272013
2022-10-18T00:00:00+00:00,1.6625404311129954
2022-10-18T06:00:00+00:00,1.677797203487137
2022-10-18T12:00:00+00:00,1.6776162851623304
2022-10-18T18:00:00+00:00,1.6780974690868025
2022-10-19T00:00:00+00:00,1.681501800411651
2022-10-19T06:00:00+00:00,1.6871260404719672
2022-10-19T12:00:00+00:00,1.690273375753918
2022-10-19T18:00:00+00:00,1.6909462010223104
2022-10-20T00:00:00+00:00,1.6848561103036157
2022-10-20T06:00:00+00:00,1.684461435546333
2022-10-20T12:00:00+00:00,1.6823603057282024
2022-10-20T18:00:00+00:00,1.6884866983768707
2022-10-21T00:00:00+00:00,1.6933127684398086
2022-10-21T06:00:00+00:00,1.6905248939979949
2022-10-21T12:00:00+00:00,1.6785191050516919
2022-10-21T18:00:00+00:00,1.6745744826336293
2022-10-23T18:00:00+00:00,1.6848902670186359
2022-10-24T00:00:00+00:00,1.6904939725601884
2022-10-24T06:00:00+00:00,1.6959106593532132
2022-10-24T12:00:00+00:00,1.708519695845725
2022-10-24T18:00:00+00:00,1.7057264292712402
2022-10-25T00:00:00+00:00,1.7101235680358629
2022-10-25T06:00:00+00:00,1.7132998514378508
2022-10-25T12:00:00+00:00,1.6984693551171757
2022-10-25T18:00:00+00:00,1.7033848507915317
2022-10-26T00:00:00+00:00,1.7018879457747922
2022-10-26T06:00:00+00:00,1.6874414231277
2022-10-26T12:00:00+00:00,1.6776258220852212
2022-10-26T18:00:00+00:00,1.6758329916181376
2022-10-27T00:00:00+00:00,1.6777578172000704
2022-10-27T06:00:00+00:00,1.6734331094334796
2022-10-27T12:00:00+00:00,1.678447712452542
2022-10-27T18:00:00+00:00,1.6816464406534
2022-10-28T00:00:00+00:00,1.6823649834315209
2022-10-28T06:00:00+00:00,1.682808113730958
2022-10-28T12:00:00+00:00,1.6823300407452293
2022-10-28T18:00:00+00:00,1.6792369867857124
2022-10-30T18:00:00+00:00,1.684125822179293
2022-10-31T00:00:00+00:00,1.6842828822276705
2022-10-31T06:00:00+00:00,1.6857263068449135
2022-10-31T12:00:00+00:00,1.6893730734050119
2022-10-31T18:00:00+00:00,1.6905877834681182
2022-11-01T00:00:00+00:00,1.6833232371223041
2022-11-01T06:00:00+00:00,1.6845811958167094
2022-11-01T12:00:00+00:00,1.676634256276044
2022-11-01T18:00:00+00:00,1.6789754139181725
2022-11-02T00:00:00+00:00,1.6773155635250152
2022-11-02T06:00:00+00:00,1.6836106851740693
2022-11-02T12:00:00+00:00,1.6865433827177008
2022-11-02T18:00:00+00:00,1.6771501500602954
2022-11-03T00:00:00+00:00,1.6760654441612435
2022-11-03T06:00:00+00:00,1.6792222198308238
2022-11-03T12:00:00+00:00,1.6780270867809122
2022-11-03T18:00:00+00:00,1.680042209508755
2022-11-04T00:00:00+00:00,1.6719279926963515
2022-11-04T06:00:00+00:00,1.669584603737333
2022-11-04T12:00:00+00:00,1.677002955841645
2022-11-04T18:00:00+00:00,1.672410106147205
2022-11-06T18:00:00+00:00,1.677453884841469
2022-11-07T00:00:00+00:00,1.682415699782943
2022-11-07T06:00:00+00:00,1.6829635515952446
2022-11-07T12:00:00+00:00,1.6843803645910236
2022-11-07T18:00:00+00:00,1.6853343356248955
2022-11-08T00:00:00+00:00,1.685821992867487
2022-11-08T06:00:00+00:00,1.6857973916395677
2022-11-08T12:00:00+00:00,1.675596487521036
2022-11-08T18:00:00+00:00,1.6803423086621536
2022-11-09T00:00:00+00:00,1.685333041336207
2022-11-09T06:00:00+00:00,1.675584044564645
2022-11-09T12:00:00+00:00,1.688512077000702
2022-11-09T18:00:00+00:00,1.6894023266621594
2022-11-10T00:00:00+00:00,1.6864851542990307
2022-11-10T06:00:00+00:00,1.694251559858352
2022-11-10T12:00:00+00:00,1.6576304120496208
2022-11-10T18:00:00+00:00,1.6525294513220727
2022-11-11T00:00:00+00:00,1.6537951070544268
2022-11-11T06:00:00+00:00,1.6529880309790628
2022-11-11T12:00:00+00:00,1.651738244818838
2022-11-11T18:00:00+00:00,1.649828712959174
2022-11-13T18:00:00+00:00,1.6514217307687826
2022-11-14T00:00:00+00:00,1.653576326782972
2022-11-14T06:00:00+00:00,1.6539397669151126
2022-11-14T12:00:00+00:00,1.6510339905841387
2022-11-14T18:00:00+00:00,1.6483629766463967
2022-11-15T00:00:00+00:00,1.6486494731550743
2022-11-15T06:00:00+00:00,1.6369522035451978
2022-11-15T12:00:00+00:00,1.6490042671879588
2022-11-15T18:00:00+00:00,1.6578766335410153
2022-11-16T00:00:00+00:00,1.6604943040450983
2022-11-16T06:00:00+00:00,1.6564149982450629
2022-11-16T12:00:00+00:00,1.6609973339327746
2022-11-16T18:00:00+00:00,1.661104782242499
2022-11-17T00:00:00+00:00,1.6662529625863436
2022-11-17T06:00:00+00:00,1.6702487969858444
2022-11-17T12:00:00+00:00,1.6765956935926483
2022-11-17T18:00:00+00:00,1.6772782545516816
2022-11-18T00:00:00+00:00,1.6748143601464323
2022-11-18T06:00:00+00:00,1.6825310798569646
2022-11-18T12:00:00+00:00,1.68862412014952
2022-11-18T18:00:00+00:00,1.6905025511818397
2022-11-20T18:00:00+00:00,1.6896599707662407
2022-11-21T00:00:00+00:00,1.690224348834633
2022-11-21T06:00:00+00:00,1.6965690467974894
2022-11-21T12:00:00+00:00,1.6940194813352742
2022-11-21T18:00:00+00:00,1.6932312773824687
2022-11-22T00:00:00+00:00,1.6922503844052095
2022-11-22T06:00:00+00:00,1.6888734567769916
2022-11-22T12:00:00+00:00,1.686846462181234
2022-11-22T18:00:00+00:00,1.6848388362961468
2022-11-23T00:00:00+00:00,1.6831914114167288
2022-11-23T06:00:00+00:00,1.6860256199852006
2022-11-23T12:00:00+00:00,1.6867036126760666
2022-11-23T18:00:00+00:00,1.6800403455684145
2022-11-24T00:00:00+00:00,1.6826496834436806
2022-11-24T06:00:00+00:00,1.691323115970937
2022-11-24T12:00:00+00:00,1.6897661749522295
2022-11-24T18:00:00+00:00,1.6914970492840815
2022-11-25T00:00:00+00:00,1.6915848205903605
2022-11-25T06:00:00+00:00,1.7012278846659923
2022-11-25T12:00:00+00:00,1.7032674465287772
2022-11-25T18:00:00+00:00,1.7040219349070884
2022-11-27T18:00:00+00:00,1.7036982796157694
2022-11-28T00:00:00+00:00,1.702000905329869
2022-11-28T06:00:00+00:00,1.6961316210474475
2022-11-28T12:00:00+00:00,1.704682152435731
2022-11-28T18:00:00+00:00,1.7015472767244553
2022-11-29T00:00:00+00:00,1.6978777231299405
2022-11-29T06:00:00+00:00,1.7005384413269002
2022-11-29T12:00:00+00:00,1.7006840821944156
2022-11-29T18:00:00+00:00,1.7051441950319486
2022-11-30T00:00:00+00:00,1.7045199851575124
2022-11-30T06:00:00+00:00,1.7031020878778267
2022-11-30T12:00:00+00:00,1.7143105501928355
2022-11-30T18:00:00+00:00,1.7105334941403858
2022-12-01T00:00:00+00:00,1.7072332111820638
2022-12-01T06:00:00+00:00,1.7154886209891747
2022-12-01T12:00:00+00:00,1.709578290452837
2022-12-01T18:00:00+00:00,1.7093451179998467
2022-12-02T00:00:00+00:00,1.7068317583427721
2022-12-02T06:00:00+00:00,1.7070136931098194
2022-12-02T12:00:00+00:00,1.708334398467121
2022-12-02T18:00:00+00:00,1.705631246830461
2022-12-04T18:00:00+00:00,1.7041801284607538
2022-12-05T00:00:00+00:00,1.7019720399489133
2022-12-05T06:00:00+00:00,1.7013986647885913
2022-12-05T12:00:00+00:00,1.6968161289250714
2022-12-05T18:00:00+00:00,1.6991566564625844
2022-12-06T00:00:00+00:00,1.699359081839715
2022-12-06T06:00:00+00:00,1.7029431028860276
2022-12-06T12:00:00+00:00,1.7016757380781724
2022-12-06T18:00:00+00:00,1.7023939870917102
2022-12-07T00:00:00+00:00,1.7050362324940427
2022-12-07T06:00:00+00:00,1.7056689190649548
2022-12-07T12:00:00+00:00,1.7022301335673249
2022-12-07T18:00:00+00:00,1.7070009941711657
2022-12-08T00:00:00+00:00,1.7123871969582323
2022-12-08T06:00:00+00:00,1.7118263859160918
2022-12-08T12:00:00+00:00,1.7079425430012731
2022-12-08T18:00:00+00:00,1.707620229950144
2022-12-09T00:00:00+00:00,1.7058103749325382
2022-12-09T06:00:00+00:00,1.7040818006859084
2022-12-09T12:00:00+00:00,1.7127070448422494
2022-12-09T18:00:00+00:00,1.7136685576836264
2022-12-11T18:00:00+00:00,1.7148474506972191
2022-12-12T00:00:00+00:00,1.71679361032904
2022-12-12T06:00:00+00:00,1.7156965048276973
2022-12-12T12:00:00+00:00,1.7243085019324127
2022-12-12T18:00:00+00:00,1.7249361325824952
2022-12-13T00:00:00+00:00,1.723011247356252
2022-12-13T06:00:00+00:00,1.7190871929676608
2022-12-13T12:00:00+00:00,1.7045898035486866
2022-12-13T18:00:00+00:00,1.70902351584044
2022-12-14T00:00:00+00:00,1.711226280544761
2022-12-14T06:00:00+00:00,1.7077935293750546
2022-12-14T12:00:00+00:00,1.7098731725337295
2022-12-14T18:00:00+00:00,1.7153255892809083
2022-12-15T00:00:00+00:00,1.7145875283290832
2022-12-15T06:00:00+00:00,1.7124989792659902
2022-12-15T12:00:00+00:00,1.7010286594944333
2022-12-15T18:00:00+00:00,1.6997865769435632
2022-12-16T00:00:00+00:00,1.698405494204092
2022-12-16T06:00:00+00:00,1.6975489022834034
2022-12-16T12:00:00+00:00,1.7091495475901142
2022-12-16T18:00:00+00:00,1.7114323802539015
2022-12-18T18:00:00+00:00,1.7119171483117648
2022-12-19T00:00:00+00:00,1.7164906565082847
2022-12-19T06:00:00+00:00,1.7223908310269074
2022-12-19T12:00:00+00:00,1.7303730563475765
2022-12-19T18:00:00+00:00,1.7288260760945233
2022-12-20T00:00:00+00:00,1.727332137006721
2022-12-20T06:00:00+00:00,1.7230803511045105
2022-12-20T12:00:00+00:00,1.7242009683571908
2022-12-20T18:00:00+00:00,1.722999771474612
2022-12-21T00:00:00+00:00,1.7260234258331812
2022-12-21T06:00:00+00:00,1.7321201490229157
2022-12-21T12:00:00+00:00,1.7314828530828035
2022-12-21T18:00:00+00:00,1.7305748333081512
2022-12-22T00:00:00+00:00,1.7257507658958322
2022-12-22T06:00:00+00:00,1.7281846584321856
2022-12-22T12:00:00+00:00,1.732231882236518
2022-12-22T18:00:00+00:00,1.7314854446240373
2022-12-23T00:00:00+00:00,1.7332967680938145
2022-12-23T06:00:00+00:00,1.734155251219684
2022-12-23T12:00:00+00:00,1.7329535975924821
2022-12-23T18:00:00+00:00,1.733402671254519
2022-12-26T18:00:00+00:00,1.7299803529238575
2022-12-27T00:00:00+00:00,1.7282424903445328
2022-12-27T06:00:00+00:00,1.7294116762263845
2022-12-27T12:00:00+00:00,1.7277479314789055
2022-12-27T18:00:00+00:00,1.7300007171649239
2022-12-28T00:00:00+00:00,1.7327546669019682
2022-12-28T06:00:00+00:00,1.7289329946835679
2022-12-28T12:00:00+00:00,1.7249836307721018
2022-12-28T18:00:00+00:00,1.7263724291867324
2022-12-29T00:00:00+00:00,1.724996654308384
2022-12-29T06:00:00+00:00,1.7264600257160974
2022-12-29T12:00:00+00:00,1.7213382367208339
2022-12-29T18:00:00+00:00,1.72358579573987
2022-12-30T00:00:00+00:00,1.7249424636682558
2022-12-30T06:00:00+00:00,1.7217020274334838
2022-12-30T12:00:00+00:00,1.7223531635455027
2022-12-30T18:00:00+00:00,1.7255708707179063
2023-01-01T18:00:00+00:00,1.725021174127539
2023-01-02T00:00:00+00:00,1.7314538515112634
2023-01-02T06:00:00+00:00,1.7362486033513844
2023-01-02T12:00:00+00:00,1.7369967979470708
2023-01-02T18:00:00+00:00,1.7384104695237717
2023-01-03T00:00:00+00:00,1.733351386296582
2023-01-03T06:00:00+00:00,1.724326535553867
2023-01-03T12:00:00+00:00,1.7186120773842863
2023-01-03T18:00:00+00:00,1.7196088693630671
2023-01-04T00:00:00+00:00,1.7172220088228174
2023-01-04T06:00:00+00:00,1.709680007577258
2023-01-04T12:00:00+00:00,1.707805120037485
2023-01-04T18:00:00+00:00,1.7096550857364936
2023-01-05T00:00:00+00:00,1.7158250396841805
2023-01-05T06:00:00+00:00,1.718804016652078
2023-01-05T12:00:00+00:00,1.7072088083623942
2023-01-05T18:00:00+00:00,1.711797011156165
2023-01-06T00:00:00+00:00,1.7086534922490815
2023-01-06T06:00:00+00:00,1.7148100953148462
2023-01-06T12:00:00+00:00,1.709532525892303
2023-01-06T18:00:00+00:00,1.7079260958362135
2023-01-08T18:00:00+00:00,1.7095304365629276
2023-01-09T00:00:00+00:00,1.7085115219818365
2023-01-09T06:00:00+00:00,1.7152651933431422
2023-01-09T12:00:00+00:00,1.7135509042425208
2023-01-09T18:00:00+00:00,1.7175589470391912
2023-01-10T00:00:00+00:00,1.7200884358072124
2023-01-10T06:00:00+00:00,1.7267342071586032
2023-01-10T12:00:00+00:00,1.7248775153268285
2023-01-10T18:00:00+00:00,1.7244455380638057
2023-01-11T00:00:00+00:00,1.7251623621268906
2023-01-11T06:00:00+00:00,1.7280843002278394
2023-01-11T12:00:00+00:00,1.7297984284584422
2023-01-11T18:00:00+00:00,1.7289346274653161
2023-01-12T00:00:00+00:00,1.7316254206037032
2023-01-12T06:00:00+00:00,1.7361417365093195
2023-01-12T12:00:00+00:00,1.7180655859577671
2023-01-12T18:00:00+00:00,1.722655264220156
2023-01-13T00:00:00+00:00,1.7312765093116345
2023-01-13T06:00:00+00:00,1.7331809821884665
2023-01-13T12:00:00+00:00,1.7347269817583266
2023-01-13T18:00:00+00:00,1.7384318112483053
2023-01-15T18:00:00+00:00,1.74044376138287
2023-01-16T00:00:00+00:00,1.7369979618759277
2023-01-16T06:00:00+00:00,1.7425902687392385
2023-01-16T12:00:00+00:00,1.7472564462092717
2023-01-16T18:00:00+00:00,1.7465147099555578
2023-01-17T00:00:00+00:00,1.7453484749648625
2023-01-17T06:00:00+00:00,1.7512382194654472
2023-01-17T12:00:00+00:00,1.7500990464196498
2023-01-17T18:00:00+00:00,1.7510350458312198
2023-01-18T00:00:00+00:00,1.7504442277934282
2023-01-18T06:00:00+00:00,1.7383452097408807
2023-01-18T12:00:00+00:00,1.7303104552237938
2023-01-18T18:00:00+00:00,1.7332844168458703
2023-01-19T00:00:00+00:00,1.7342781938466016
2023-01-19T06:00:00+00:00,1.7371599489532457
2023-01-19T12:00:00+00:00,1.7357311937840012
2023-01-19T18:00:00+00:00,1.7347399596380144
2023-01-20T00:00:00+00:00,1.7383245788869879
2023-01-20T06:00:00+00:00,1.743282116499578
2023-01-20T12:00:00+00:00,1.7499584320400552
2023-01-20T18:00:00+00:00,1.7490514017100398
2023-01-22T18:00:00+00:00,1.7496854362397245
2023-01-23T00:00:00+00:00,1.7501504805847867
2023-01-23T06:00:00+00:00,1.752525127047288
2023-01-23T12:00:00+00:00,1.7549580291467277
2023-01-23T18:00:00+00:00,1.753722036757416
2023-01-24T00:00:00+00:00,1.752429446582092
2023-01-24T06:00:00+00:00,1.7512860396868912
2023-01-24T12:00:00+00:00,1.7615441945652712
2023-01-24T18:00:00+00:00,1.7634064565704513
2023-01-25T00:00:00+00:00,1.7670872104646143
2023-01-25T06:00:00+00:00,1.7694897670200112
2023-01-25T12:00:00+00:00,1.768652349348312
2023-01-25T18:00:00+00:00,1.7657541247209352
2023-01-26T00:00:00+00:00,1.7704329291822196
2023-01-26T06:00:00+00:00,1.77415035874174
2023-01-26T12:00:00+00:00,1.7841717423522834
2023-01-26T18:00:00+00:00,1.7795499143663556
2023-01-27T00:00:00+00:00,1.781707386938893
2023-01-27T06:00:00+00:00,1.7891530521371561
2023-01-27T12:00:00+00:00,1.804407387612534
2023-01-27T18:00:00+00:00,1.8052379644055039
2023-01-29T18:00:00+00:00,1.8051688571889453
2023-01-30T00:00:00+00:00,1.8061614661142347
2023-01-30T06:00:00+00:00,1.803219254682623
2023-01-30T12:00:00+00:00,1.805733813230281
2023-01-30T18:00:00+00:00,1.8085749138591714
2023-01-31T00:00:00+00:00,1.8107471383283993
2023-01-31T06:00:00+00:00,1.8102061722524636
2023-01-31T12:00:00+00:00,1.8073877953109725
2023-01-31T18:00:00+00:00,1.80678843953729
2023-02-01T00:00:00+00:00,1.8050023750011945
2023-02-01T06:00:00+00:00,1.8045006697520856
2023-02-01T12:00:00+00:00,1.8060962879153022
2023-02-01T18:00:00+00:00,1.8074286541904654
2023-02-02T00:00:00+00:00,1.8079196886713234
2023-02-02T06:00:00+00:00,1.8149493249414455
2023-02-02T12:00:00+00:00,1.830669803009462
2023-02-02T18:00:00+00:00,1.8332055535730638
2023-02-03T00:00:00+00:00,1.83513774713993
2023-02-03T06:00:00+00:00,1.8363868844044406
2023-02-03T12:00:00+00:00,1.8299999032484975
2023-02-03T18:00:00+00:00,1.830413459338761
2023-02-05T18:00:00+00:00,1.8330625893737766
2023-02-06T00:00:00+00:00,1.8303905165328846
2023-02-06T06:00:00+00:00,1.8333916539590585
2023-02-06T12:00:00+00:00,1.8250153931492197
2023-02-06T18:00:00+00:00,1.8229419436956837
2023-02-07T00:00:00+00:00,1.8192558354211394
2023-02-07T06:00:00+00:00,1.8174377923007883
2023-02-07T12:00:00+00:00,1.8239067159162499
2023-02-07T18:00:00+00:00,1.8329284237750176
2023-02-08T00:00:00+00:00,1.8335091103318149
2023-02-08T06:00:00+00:00,1.8324381027518688
2023-02-08T12:00:00+00:00,1.8366533120046789
2023-02-08T18:00:00+00:00,1.8384567741914426
2023-02-09T00:00:00+00:00,1.8349845419197908
2023-02-09T06:00:00+00:00,1.8286532079172664
2023-02-09T12:00:00+00:00,1.8292736437471573
2023-02-09T18:00:00+00:00,1.8283401375753678
2023-02-10T00:00:00+00:00,1.831668908676403
2023-02-10T06:00:00+00:00,1.831605276266401
2023-02-10T12:00:00+00:00,1.8327609809516794
2023-02-10T18:00:00+00:00,1.8328657505656618
2023-02-12T18:00:00+00:00,1.8342692567309635
2023-02-13T00:00:00+00:00,1.841631871578511
2023-02-13T06:00:00+00:00,1.8375159892537982
2023-02-13T12:00:00+00:00,1.83113536302099
2023-02-13T18:00:00+00:00,1.82897604086596
2023-02-14T00:00:00+00:00,1.828268576663438
2023-02-14T06:00:00+00:00,1.8279750219218769
2023-02-14T12:00:00+00:00,1.8445714893750493
2023-02-14T18:00:00+00:00,1.8445171852379152
2023-02-15T00:00:00+00:00,1.8479773833880737
2023-02-15T06:00:00+00:00,1.8493433036838058
2023-02-15T12:00:00+00:00,1.8555114356730347
2023-02-15T18:00:00+00:00,1.8512229611172404
2023-02-16T00:00:00+00:00,1.8534074008836792
2023-02-16T06:00:00+00:00,1.8552623584228034
2023-02-16T12:00:00+00:00,1.854141383985762
2023-02-16T18:00:00+00:00,1.8603805964737368
2023-02-17T00:00:00+00:00,1.8671639892647778
2023-02-17T06:00:00+00:00,1.8705956246656992
2023-02-17T12:00:00+00:00,1.8705564249218165
2023-02-17T18:00:00+00:00,1.869369180403547
2023-02-19T18:00:00+00:00,1.8727134169926223
2023-02-20T00:00:00+00:00,1.8719539432410124
2023-02-20T06:00:00+00:00,1.8707520186300675
2023-02-20T12:00:00+00:00,1.8717198912864739
2023-02-20T18:00:00+00:00,1.872897308044641
2023-02-21T00:00:00+00:00,1.877396661578196
2023-02-21T06:00:00+00:00,1.8816418835290412
2023-02-21T12:00:00+00:00,1.8929491279619322
2023-02-21T18:00:00+00:00,1.8952343470388369
2023-02-22T00:00:00+00:00,1.8974164181096769
2023-02-22T06:00:00+00:00,1.9035030678769929
2023-02-22T12:00:00+00:00,1.9039715027541988
2023-02-22T18:00:00+00:00,1.9046575828484182
2023-02-23T00:00:00+00:00,1.9037301617639544
2023-02-23T06:00:00+00:00,1.905503923949924
2023-02-23T12:00:00+00:00,1.9011130321339482
2023-02-23T18:00:00+00:00,1.8996710749079404
2023-02-24T00:00:00+00:00,1.9013414867427558
2023-02-24T06:00:00+00:00,1.9017077452180708
2023-02-24T12:00:00+00:00,1.9042631406508095
2023-02-24T18:00:00+00:00,1.9082472707014446
2023-02-26T18:00:00+00:00,1.9075368170583824
2023-02-27T00:00:00+00:00,1.907013158800087
2023-02-27T06:00:00+00:00,1.902032787267656
2023-02-27T12:00:00+00:00,1.8987260596973885
2023-02-27T18:00:00+00:00,1.898492740503263
2023-02-28T00:00:00+00:00,1.9050513648828218
2023-02-28T06:00:00+00:00,1.9063330010027584
2023-02-28T12:00:00+00:00,1.913904734946517
2023-02-28T18:00:00+00:00,1.9178692665890136
2023-03-01T00:00:00+00:00,1.9138915786249056
2023-03-01T06:00:00+00:00,1.9057525462207072
2023-03-01T12:00:00+00:00,1.9162065731473552
2023-03-01T18:00:00+00:00,1.9134204425698067
2023-03-02T00:00:00+00:00,1.9197083170191027
2023-03-02T06:00:00+00:00,1.9275497138590525
2023-03-02T12:00:00+00:00,1.9397004308961852
2023-03-02T18:00:00+00:00,1.9391412883103116
2023-03-03T00:00:00+00:00,1.9385076089765814
2023-03-03T06:00:00+00:00,1.937530874921519
2023-03-03T12:00:00+00:00,1.9404765592171296
2023-03-03T18:00:00+00:00,1.9381529959084203
2023-03-05T18:00:00+00:00,1.942525148799118
2023-03-06T00:00:00+00:00,1.9391550384523248
2023-03-06T06:00:00+00:00,1.9418453552828556
2023-03-06T12:00:00+00:00,1.9362856804941087
2023-03-06T18:00:00+00:00,1.9362671502817232
2023-03-07T00:00:00+00:00,1.9366083296724064
2023-03-07T06:00:00+00:00,1.9377838183428828
2023-03-07T12:00:00+00:00,1.9375770585658583
2023-03-07T18:00:00+00:00,1.9359945993334864
2023-03-08T00:00:00+00:00,1.9402283431719072
2023-03-08T06:00:00+00:00,1.940141785974687
2023-03-08T12:00:00+00:00,1.9395631175010626
2023-03-08T18:00:00+00:00,1.9427198283430571
2023-03-09T00:00:00+00:00,1.942772559108326
2023-03-09T06:00:00+00:00,1.9394981591598655
2023-03-09T12:00:00+00:00,1.9416807565591927
2023-03-09T18:00:00+00:00,1.9406815446827936
2023-03-10T00:00:00+00:00,1.9448222094041678
2023-03-10T06:00:00+00:00,1.9523234289826534
2023-03-10T12:00:00+00:00,1.9429071665724726
2023-03-10T18:00:00+00:00,1.9441999187639714
2023-03-12T18:00:00+00:00,1.94459847335414
2023-03-13T00:00:00+00:00,1.9516985051771392
2023-03-13T06:00:00+00:00,1.9457338852210597
2023-03-13T12:00:00+00:00,1.9400486347027723
2023-03-13T18:00:00+00:00,1.9444356238876055
2023-03-14T00:00:00+00:00,1.9484988420766374
2023-03-14T06:00:00+00:00,1.951628689849075
2023-03-14T12:00:00+00:00,1.9530460853380585
2023-03-14T18:00:00+00:00,1.957655879569278
2023-03-15T00:00:00+00:00,1.9537043911099938
2023-03-15T06:00:00+00:00,1.9319599127994072
2023-03-15T12:00:00+00:00,1.9293626828316341
2023-03-15T18:00:00+00:00,1.9312861089453148
2023-03-16T00:00:00+00:00,1.9298488790655286
2023-03-16T06:00:00+00:00,1.9366542818027985
2023-03-16T12:00:00+00:00,1.949250655618404
2023-03-16T18:00:00+00:00,1.9472420443764997
2023-03-17T00:00:00+00:00,1.9410727821224523
2023-03-17T06:00:00+00:00,1.9509453406800183
2023-03-17T12:00:00+00:00,1.9486233822714187
2023-03-17T18:00:00+00:00,1.946717147368166
2023-03-19T18:00:00+00:00,1.9459026959985526
2023-03-20T00:00:00+00:00,1.947588121611024
2023-03-20T06:00:00+00:00,1.9513981932873885
2023-03-20T12:00:00+00:00,1.9519388390156411
2023-03-20T18:00:00+00:00,1.9548283622648717
2023-03-21T00:00:00+00:00,1.9578818918007492
2023-03-21T06:00:00+00:00,1.947964169096451
2023-03-21T12:00:00+00:00,1.9517935867750562
2023-03-21T18:00:00+00:00,1.9499949203520712
2023-03-22T00:00:00+00:00,1.9514168457142085
2023-03-22T06:00:00+00:00,1.9462147641540388
2023-03-22T12:00:00+00:00,1.9502465372048603
2023-03-22T18:00:00+00:00,1.9379564352640153
2023-03-23T00:00:00+00:00,1.930263985857215
2023-03-23T06:00:00+00:00,1.9441051126576172
2023-03-23T12:00:00+00:00,1.9530313772930517
2023-03-23T18:00:00+00:00,1.9564578289892363
2023-03-24T00:00:00+00:00,1.957849405738392
2023-03-24T06:00:00+00:00,1.9847653284538482
2023-03-24T12:00:00+00:00,1.9890145274024311
2023-03-24T18:00:00+00:00,1.9905872475751012
2023-03-26T18:00:00+00:00,1.9919767334121785
2023-03-27T00:00:00+00:00,1.996197335358838
2023-03-27T06:00:00+00:00,2.0011342364818896
2023-03-27T12:00:00+00:00,2.0018796548859954
2023-03-27T18:00:00+00:00,1.9993852415034588
2023-03-28T00:00:00+00:00,1.9960065832483813
2023-03-28T06:00:00+00:00,1.9983373727447007
2023-03-28T12:00:00+00:00,1.9957670140960813
2023-03-28T18:00:00+00:00,1.9965658337136762
2023-03-29T00:00:00+00:00,1.9998552312804032
2023-03-29T06:00:00+00:00,2.0000361962109205
2023-03-29T12:00:00+00:00,2.005553576351681
2023-03-29T18:00:00+00:00,2.0082886468358465
2023-03-30T00:00:00+00:00,2.008017474228107
2023-03-30T06:00:00+00:00,2.007474936484727
2023-03-30T12:00:00+00:00,2.003532743644838
2023-03-30T18:00:00+00:00,2.003729149088862
2023-03-31T00:00:00+00:00,2.0051786958685276
2023-03-31T06:00:00+00:00,2.0098436216240585
2023-03-31T12:00:00+00:00,2.0125467852020287
2023-03-31T18:00:00+00:00,2.0133765226668436
2023-04-02T18:00:00+00:00,2.0125237231424484
2023-04-03T00:00:00+00:00,2.0183535835224857
2023-04-03T06:00:00+00:00,2.0025372322773727
2023-04-03T12:00:00+00:00,2.002338243695816
2023-04-03T18:00:00+00:00,2.000528545778941
2023-04-04T00:00:00+00:00,2.0036198109864456
2023-04-04T06:00:00+00:00,2.004152124809359
2023-04-04T12:00:00+00:00,2.000349385429455
2023-04-04T18:00:00+00:00,1.9986333436887738
2023-04-05T00:00:00+00:00,2.007720119451335
2023-04-05T06:00:00+00:00,2.0103270354893805
2023-04-05T12:00:00+00:00,2.010478553565304
2023-04-05T18:00:00+00:00,2.0113044102279742
2023-04-06T00:00:00+00:00,2.0134076419734286
2023-04-06T06:00:00+00:00,2.013789638722123
2023-04-06T12:00:00+00:00,2.012204498695317
2023-04-06T18:00:00+00:00,2.0147126563336095
2023-04-07T00:00:00+00:00,2.0146721254020608
2023-04-07T06:00:00+00:00,2.015680552721306
2023-04-07T12:00:00+00:00,2.0218774200337903
2023-04-07T18:00:00+00:00,2.0242735591163696
2023-04-09T18:00:00+00:00,2.0248519173183124
2023-04-10T00:00:00+00:00,2.0268775421723464
2023-04-10T06:00:00+00:00,2.026052518066536
2023-04-10T12:00:00+00:00,2.020746827652013
2023-04-10T18:00:00+00:00,2.0189971074733073
2023-04-11T00:00:00+00:00,2.0174192139253257
2023-04-11T06:00:00+00:00,2.0231656586203894
2023-04-11T12:00:00+00:00,2.0219377161638397
2023-04-11T18:00:00+00:00,2.0217866430305573
2023-04-12T00:00:00+00:00,2.018895565173711
2023-04-12T06:00:00+00:00,2.0246414034359974
2023-04-12T12:00:00+00:00,2.0159301470205055
2023-04-12T18:00:00+00:00,2.016532955552638
2023-04-13T00:00:00+00:00,2.0198590440270383
2023-04-13T06:00:00+00:00,2.0174374666802333
2023-04-13T12:00:00+00:00,2.0084438553444866
2023-04-13T18:00:00+00:00,2.0095573224710246
2023-04-14T00:00:00+00:00,2.006750077936023
2023-04-14T06:00:00+00:00,2.0125141089349246
2023-04-14T12:00:00+00:00,2.020907795038362
2023-04-14T18:00:00+00:00,2.0203027954116526
2023-04-16T18:00:00+00:00,2.0224137507862854
2023-04-17T00:00:00+00:00,2.021338780559837
2023-04-17T06:00:00+00:00,2.0195961901454464
2023-04-17T12:00:00+00:00,2.0180996531964577
2023-04-17T18:00:00+00:00,2.0182896468827347
2023-04-18T00:00:00+00:00,2.0161590903291247
2023-04-18T06:00:00+00:00,2.0159308216132406
2023-04-18T12:00:00+00:00,2.019461707084597
2023-04-18T18:00:00+00:00,2.0193708857251953
2023-04-19T00:00:00+00:00,2.0227269790487865
2023-04-19T06:00:00+00:00,2.016269613234593
2023-04-19T12:00:00+00:00,2.017023594710197
2023-04-19T18:00:00+00:00,2.0182667757723527
2023-04-20T00:00:00+00:00,2.017991848608464
2023-04-20T06:00:00+00:00,2.0214580787647787
2023-04-20T12:00:00+00:00,2.0270390568635523
2023-04-20T18:00:00+00:00,2.0282052710887783
2023-04-21T00:00:00+00:00,2.0314319742597786
2023-04-21T06:00:00+00:00,2.028691343525199
2023-04-21T12:00:00+00:00,2.0364265146787686
2023-04-21T18:00:00+00:00,2.038395374916896
2023-04-23T18:00:00+00:00,2.038997445214899
2023-04-24T00:00:00+00:00,2.0441121555674977
2023-04-24T06:00:00+00:00,2.0476247710463396
2023-04-24T12:00:00+00:00,2.044498725088704
2023-04-24T18:00:00+00:00,2.0421404726809347
2023-04-25T00:00:00+00:00,2.0437409600026286
2023-04-25T06:00:00+00:00,2.053815582206017
2023-04-25T12:00:00+00:00,2.057830841213468
2023-04-25T18:00:00+00:00,2.058054507830047
2023-04-26T00:00:00+00:00,2.058377634588148
2023-04-26T06:00:00+00:00,2.0558365239336776
2023-04-26T12:00:00+00:00,2.0563858205982672
2023-04-26T18:00:00+00:00,2.0544466310872584
2023-04-27T00:00:00+00:00,2.052214571290403
2023-04-27T06:00:00+00:00,2.0588911961145113
2023-04-27T12:00:00+00:00,2.061371555650275
2023-04-27T18:00:00+00:00,2.0606846904750435
2023-04-28T00:00:00+00:00,2.065126894132109
2023-04-28T06:00:00+00:00,2.0789346522324244
2023-04-28T12:00:00+00:00,2.0726432994442954
2023-04-28T18:00:00+00:00,2.07499549957446
2023-04-30T18:00:00+00:00,2.0773947979174987
2023-05-01T00:00:00+00:00,2.0772776004202984
2023-05-01T06:00:00+00:00,2.0743621611236653
2023-05-01T12:00:00+00:00,2.0709874380773616
2023-05-01T18:00:00+00:00,2.0735749320037655
2023-05-02T00:00:00+00:00,2.069935888787742
2023-05-02T06:00:00+00:00,2.0693322111391894
2023-05-02T12:00:00+00:00,2.065200122327831
2023-05-02T18:00:00+00:00,2.0639034418636055
2023-05-03T00:00:00+00:00,2.063414701795503
2023-05-03T06:00:00+00:00,2.063034969613382
2023-05-03T12:00:00+00:00,2.062364197545989
2023-05-03T18:00:00+00:00,2.0638902022613053
2023-05-04T00:00:00+00:00,2.0585625247866353
2023-05-04T06:00:00+00:00,2.0601998621366784
2023-05-04T12:00:00+00:00,2.062560839738043
2023-05-04T18:00:00+00:00,2.0649608908101564
2023-05-05T00:00:00+00:00,2.0617328073290295
2023-05-05T06:00:00+00:00,2.063432140472311
2023-05-05T12:00:00+00:00,2.066934896069457
2023-05-05T18:00:00+00:00,2.066686582800391
2023-05-07T18:00:00+00:00,2.068165870381842
2023-05-08T00:00:00+00:00,2.0650737037726974
2023-05-08T06:00:00+00:00,2.0620616065915707
2023-05-08T12:00:00+00:00,2.063639473465476
2023-05-08T18:00:00+00:00,2.06496086347499
2023-05-09T00:00:00+00:00,2.066604272051977
2023-05-09T06:00:00+00:00,2.067903021308764
2023-05-09T12:00:00+00:00,2.06643843415163
2023-05-09T18:00:00+00:00,2.0677039733710787
2023-05-10T00:00:00+00:00,2.0687387972686264
2023-05-10T06:00:00+00:00,2.0691535457189834
2023-05-10T12:00:00+00:00,2.0644812599075966
2023-05-10T18:00:00+00:00,2.061090156290785
2023-05-11T00:00:00+00:00,2.0612282640325867
2023-05-11T06:00:00+00:00,2.0636079919727464
2023-05-11T12:00:00+00:00,2.063767068309264
2023-05-11T18:00:00+00:00,2.0642908966027007
2023-05-12T00:00:00+00:00,2.0642597102091376
2023-05-12T06:00:00+00:00,2.071815727954178
2023-05-12T12:00:00+00:00,2.070675895984472
2023-05-12T18:00:00+00:00,2.0714286803812025
2023-05-14T18:00:00+00:00,2.071844360094106
2023-05-15T00:00:00+00:00,2.068053610464277
2023-05-15T06:00:00+00:00,2.0685294978051685
2023-05-15T12:00:00+00:00,2.066674369335574
2023-05-15T18:00:00+00:00,2.0677414242856513
2023-05-16T00:00:00+00:00,2.0683850886992112
2023-05-16T06:00:00+00:00,2.0645358621938565
2023-05-16T12:00:00+00:00,2.064534812640856
2023-05-16T18:00:00+00:00,2.066380385491651
2023-05-17T00:00:00+00:00,2.0676746257163203
2023-05-17T06:00:00+00:00,2.076444027172091
2023-05-17T12:00:00+00:00,2.086983725667776
2023-05-17T18:00:00+00:00,2.089287701014313
2023-05-18T00:00:00+00:00,2.0937186312982248
2023-05-18T06:00:00+00:00,2.096703150454891
2023-05-18T12:00:00+00:00,2.1081319484465153
2023-05-18T18:00:00+00:00,2.10686091706182
2023-05-19T00:00:00+00:00,2.106407192222914
2023-05-19T06:00:00+00:00,2.094363110613289
2023-05-19T12:00:00+00:00,2.0946356876134713
2023-05-19T18:00:00+00:00,2.0963254144848595
2023-05-21T18:00:00+00:00,2.0950216580791547
2023-05-22T00:00:00+00:00,2.098590608558782
2023-05-22T06:00:00+00:00,2.0978382896584966
2023-05-22T12:00:00+00:00,2.099005725661526
2023-05-22T18:00:00+00:00,2.1014066236470224
2023-05-23T00:00:00+00:00,2.103501932389173
2023-05-23T06:00:00+00:00,2.106462982156024
2023-05-23T12:00:00+00:00,2.1115178486393327
2023-05-23T18:00:00+00:00,2.1138996586257717
2023-05-24T00:00:00+00:00,2.1136491348061024
2023-05-24T06:00:00+00:00,2.108938915254247
2023-05-24T12:00:00+00:00,2.112515726426361
2023-05-24T18:00:00+00:00,2.116507631049467
2023-05-25T00:00:00+00:00,2.122752169453191
2023-05-25T06:00:00+00:00,2.1253340123171918
2023-05-25T12:00:00+00:00,2.134566780347591
2023-05-25T18:00:00+00:00,2.136407281868865
2023-05-26T00:00:00+00:00,2.132708020267046
2023-05-26T06:00:00+00:00,2.1301076772056295
2023-05-26T12:00:00+00:00,2.1321247752690136
2023-05-26T18:00:00+00:00,2.132057279352793
2023-05-28T18:00:00+00:00,2.133026831679956
2023-05-29T00:00:00+00:00,2.129706239591867
2023-05-29T06:00:00+00:00,2.1311624892151464
2023-05-29T12:00:00+00:00,2.132417319537366
2023-05-29T18:00:00+00:00,2.1338286244837463
2023-05-30T00:00:00+00:00,2.1330932913642315
2023-05-30T06:00:00+00:00,2.1265918005293187
2023-05-30T12:00:00+00:00,2.128318065868018
2023-05-30T18:00:00+00:00,2.125558236596264
2023-05-31T00:00:00+00:00,2.12666883538083
2023-05-31T06:00:00+00:00,2.1355917850609063
2023-05-31T12:00:00+00:00,2.1370184842761657
2023-05-31T18:00:00+00:00,2.1322376703841317
2023-06-01T00:00:00+00:00,2.13831743958323
2023-06-01T06:00:00+00:00,2.131473985578023
2023-06-01T12:00:00+00:00,2.1237387194218242
2023-06-01T18:00:00+00:00,2.125087728465731
2023-06-02T00:00:00+00:00,2.1194143827439498
2023-06-02T06:00:00+00:00,2.122950752298703
2023-06-02T12:00:00+00:00,2.1314645198846525
2023-06-02T18:00:00+00:00,2.131299485709581
2023-06-04T18:00:00+00:00,2.13238251208246
2023-06-05T00:00:00+00:00,2.133934376046109
2023-06-05T06:00:00+00:00,2.1386014494882684
2023-06-05T12:00:00+00:00,2.142684641244144
2023-06-05T18:00:00+00:00,2.1443289428140817
2023-06-06T00:00:00+00:00,2.1397811939965012
2023-06-06T06:00:00+00:00,2.1451965011494147
2023-06-06T12:00:00+00:00,2.1445754358617553
2023-06-06T18:00:00+00:00,2.142875775011113
2023-06-07T00:00:00+00:00,2.1450782009232814
2023-06-07T06:00:00+00:00,2.138433531717173
2023-06-07T12:00:00+00:00,2.1396281389800578
2023-06-07T18:00:00+00:00,2.140411754878029
2023-06-08T00:00:00+00:00,2.1399874871454565
2023-06-08T06:00:00+00:00,2.1349742400249285
2023-06-08T12:00:00+00:00,2.130497410143154
2023-06-08T18:00:00+00:00,2.130681091361894
2023-06-09T00:00:00+00:00,2.1322519117642313
2023-06-09T06:00:00+00:00,2.129501425455018
2023-06-09T12:00:00+00:00,2.129252885746379
2023-06-09T18:00:00+00:00,2.1292700454469697
2023-06-11T18:00:00+00:00,2.1298285735928246
2023-06-12T00:00:00+00:00,2.131875017208294
2023-06-12T06:00:00+00:00,2.1271088717394986
2023-06-12T12:00:00+00:00,2.127988379556608
2023-06-12T18:00:00+00:00,2.1272413906616725
2023-06-13T00:00:00+00:00,2.124696740459746
2023-06-13T06:00:00+00:00,2.126350757590742
2023-06-13T12:00:00+00:00,2.1197553565422633
2023-06-13T18:00:00+00:00,2.118046049420351
2023-06-14T00:00:00+00:00,2.1195324021743422
2023-06-14T06:00:00+00:00,2.1151756758538167
2023-06-14T12:00:00+00:00,2.106839556952511
2023-06-14T18:00:00+00:00,2.1161438475305774
2023-06-15T00:00:00+00:00,2.110379882138032
2023-06-15T06:00:00+00:00,2.111028338791739
2023-06-15T12:00:00+00:00,2.096647891547285
2023-06-15T18:00:00+00:00,2.096305906800026
2023-06-16T00:00:00+00:00,2.101699517218993
2023-06-16T06:00:00+00:00,2.101589533267069
2023-06-16T12:00:00+00:00,2.1040971506275925
2023-06-16T18:00:00+00:00,2.103580763266721
2023-06-18T18:00:00+00:00,2.106013558041318
2023-06-19T00:00:00+00:00,2.1060344206871124
2023-06-19T06:00:00+00:00,2.1155269082800423
2023-06-19T12:00:00+00:00,2.11840147194552
2023-06-19T18:00:00+00:00,2.1219438230879395
2023-06-20T00:00:00+00:00,2.1268975334660523
2023-06-20T06:00:00+00:00,2.1286777204284744
2023-06-20T12:00:00+00:00,2.1295185524051696
2023-06-20T18:00:00+00:00,2.1307320426978262
2023-06-21T00:00:00+00:00,2.1310531897916674
2023-06-21T06:00:00+00:00,2.1330169367984286
2023-06-21T12:00:00+00:00,2.1277609377146076
2023-06-21T18:00:00+00:00,2.126304821851187
2023-06-22T00:00:00+00:00,2.127086852820929
2023-06-22T06:00:00+00:00,2.125468233902911
2023-06-22T12:00:00+00:00,2.129604814330181
2023-06-22T18:00:00+00:00,2.129861075793043
2023-06-23T00:00:00+00:00,2.127099563382543
2023-06-23T06:00:00+00:00,2.125234688133851
2023-06-23T12:00:00+00:00,2.123873867910064
2023-06-23T18:00:00+00:00,2.1244309680830398
2023-06-25T18:00:00+00:00,2.1237176490583027
2023-06-26T00:00:00+00:00,2.122952862001793
2023-06-26T06:00:00+00:00,2.120897517331116
2023-06-26T12:00:00+00:00,2.125551715733913
2023-06-26T18:00:00+00:00,2.127272768369121
2023-06-27T00:00:00+00:00,2.12294912293419
2023-06-27T06:00:00+00:00,2.1240463682170927
2023-06-27T12:00:00+00:00,2.120307380196226
2023-06-27T18:00:00+00:00,2.122206381381458
2023-06-28T00:00:00+00:00,2.1226540178810587
2023-06-28T06:00:00+00:00,2.1247257792499683
2023-06-28T12:00:00+00:00,2.1262669050879355
2023-06-28T18:00:00+00:00,2.1272628645525757
2023-06-29T00:00:00+00:00,2.128518721692421
2023-06-29T06:00:00+00:00,2.120474291480548
2023-06-29T12:00:00+00:00,2.119108014369629
2023-06-29T18:00:00+00:00,2.120267241130014
2023-06-30T00:00:00+00:00,2.121150086613343
2023-06-30T06:00:00+00:00,2.125102858169707
2023-06-30T12:00:00+00:00,2.1167708986869265
2023-06-30T18:00:00+00:00,2.1182022973078154
2023-07-02T18:00:00+00:00,2.1193676476564596
2023-07-03T00:00:00+00:00,2.119348968386992
2023-07-03T06:00:00+00:00,2.120279963508848
2023-07-03T12:00:00+00:00,2.118981026605433
2023-07-03T18:00:00+00:00,2.1197978385375764
2023-07-04T00:00:00+00:00,2.1243100331312808
2023-07-04T06:00:00+00:00,2.1211337561038808
2023-07-04T12:00:00+00:00,2.1222548575082034
2023-07-04T18:00:00+00:00,2.1241512439239134
2023-07-05T00:00:00+00:00,2.1254013396598004
2023-07-05T06:00:00+00:00,2.1349564595690955
2023-07-05T12:00:00+00:00,2.1330666615993374
2023-07-05T18:00:00+00:00,2.1350424479675243
2023-07-06T00:00:00+00:00,2.1352313066939206
2023-07-06T06:00:00+00:00,2.1301220527508615
2023-07-06T12:00:00+00:00,2.1301995814544408
2023-07-06T18:00:00+00:00,2.1289807560328593
2023-07-07T00:00:00+00:00,2.129563245825918
2023-07-07T06:00:00+00:00,2.1290889547977834
2023-07-07T12:00:00+00:00,2.1168293826851907
2023-07-07T18:00:00+00:00,2.117328311821149
2023-07-09T18:00:00+00:00,2.1203651160063615
2023-07-10T00:00:00+00:00,2.1260915928553783
2023-07-10T06:00:00+00:00,2.123274898551095
2023-07-10T12:00:00+00:00,2.1170241452703418
2023-07-10T18:00:00+00:00,2.115711506335021
2023-07-11T00:00:00+00:00,2.113356217197345
2023-07-11T06:00:00+00:00,2.1198237782704368
2023-07-11T12:00:00+00:00,2.114349158669667
2023-07-11T18:00:00+00:00,2.1132878519102922
2023-07-12T00:00:00+00:00,2.1075071876560783
2023-07-12T06:00:00+00:00,2.1070345258149645
2023-07-12T12:00:00+00:00,2.0815893438500788
2023-07-12T18:00:00+00:00,2.0808041053836916
2023-07-13T00:00:00+00:00,2.080997391321162
2023-07-13T06:00:00+00:00,2.0863482006598435
2023-07-13T12:00:00+00:00,2.0847671443892932
2023-07-13T18:00:00+00:00,2.0850246890774398
2023-07-14T00:00:00+00:00,2.087737142262503
2023-07-14T06:00:00+00:00,2.0800358488469404
2023-07-14T12:00:00+00:00,2.088061940358758
2023-07-14T18:00:00+00:00,2.088479454237659
2023-07-16T18:00:00+00:00,2.0896716960455914
2023-07-17T00:00:00+00:00,2.0920227768374247
2023-07-17T06:00:00+00:00,2.090390604446183
2023-07-17T12:00:00+00:00,2.0858347264625423
2023-07-17T18:00:00+00:00,2.0869980795551086
2023-07-18T00:00:00+00:00,2.0864401357069626
2023-07-18T06:00:00+00:00,2.0898516696745837
2023-07-18T12:00:00+00:00,2.0954701618684055
2023-07-18T18:00:00+00:00,2.094361077551515
2023-07-19T00:00:00+00:00,2.096260112866653
2023-07-19T06:00:00+00:00,2.102096609847388
2023-07-19T12:00:00+00:00,2.1036976153982634
2023-07-19T18:00:00+00:00,2.1033914266476597
2023-07-20T00:00:00+00:00,2.097113608649376
2023-07-20T06:00:00+00:00,2.099455412221708
2023-07-20T12:00:00+00:00,2.1017197470444917
2023-07-20T18:00:00+00:00,2.1029704842234334
2023-07-21T00:00:00+00:00,2.1036698778898613
2023-07-21T06:00:00+00:00,2.104619041990731
2023-07-21T12:00:00+00:00,2.108038472649179
2023-07-21T18:00:00+00:00,2.108643916506706
2023-07-23T18:00:00+00:00,2.110135349951188
2023-07-24T00:00:00+00:00,2.1113632026208533
2023-07-24T06:00:00+00:00,2.1132183740080994
2023-07-24T12:00:00+00:00,2.1241957390190835
